name,hard_master_class,soft_master_class,detection_count,QSO,AGN,Seyfert_1,Seyfert_2,HMXB,LMXB,XB,YSO,TTau*,Orion_V*,ra,dec
2CXO J004228.2+411222,LMXB,HMXB,66,0.057±0.136,0.113±0.181,0.128±0.234,0.095±0.217,0.217±0.238,0.171±0.211,0.167±0.25,0.006±0.017,0.004±0.018,0.043±0.17,10.617879367090552,41.2063854402319
2CXO J004246.9+411615,Seyfert_1,LMXB,22,0.074±0.143,0.063±0.088,0.219±0.258,0.118±0.2,0.125±0.148,0.226±0.236,0.115±0.181,0.005±0.013,0.003±0.013,0.051±0.203,10.695674817273016,41.27099019714981
2CXO J004244.3+411608A,Seyfert_1,QSO,15,0.24±0.297,0.09±0.126,0.162±0.203,0.092±0.25,0.06±0.125,0.027±0.056,0.012±0.03,0.155±0.284,0.014±0.041,0.147±0.277,10.684844167300014,41.26908712360001
2CXO J004244.3+411608,Seyfert_1,QSO,15,0.24±0.297,0.09±0.126,0.162±0.203,0.092±0.25,0.06±0.125,0.027±0.056,0.012±0.03,0.155±0.284,0.014±0.041,0.147±0.277,10.684754953751051,41.26900040308594
2CXO J010043.0-721133,Orion_V*,YSO,14,0.0±0.0,0.0±0.0,0.0±0.0,0.0±0.0,0.009±0.022,0.121±0.29,0.0±0.0,0.423±0.408,0.035±0.101,0.412±0.379,15.17934083559402,-72.19270093605508
2CXO J004242.4+411553,XB,HMXB,13,0.005±0.007,0.068±0.115,0.135±0.137,0.108±0.188,0.277±0.256,0.153±0.154,0.247±0.269,0.001±0.002,0.0±0.0,0.006±0.022,10.676989510199746,41.26490250506063
2CXO J063354.3+174614,AGN,Seyfert_1,11,0.221±0.197,0.348±0.29,0.419±0.33,0.011±0.031,0.001±0.002,0.0±0.0,0.0±0.0,0.0±0.0,0.0±0.0,0.0±0.0,98.47636594167966,17.770772567322517
2CXO J133656.6-294912,LMXB,HMXB,11,0.001±0.002,0.034±0.041,0.01±0.016,0.022±0.062,0.373±0.31,0.361±0.24,0.106±0.127,0.001±0.002,0.0±0.0,0.091±0.287,204.23600085933617,-29.82012980748005
2CXO J061538.9-574204,YSO,HMXB,10,0.0±0.0,0.0±0.0,0.0±0.0,0.0±0.0,0.4±0.49,0.216±0.395,0.0±0.0,0.384±0.472,0.0±0.0,0.0±0.001,93.91223682053862,-57.70123228946565
2CXO J053816.3-692331,Orion_V*,YSO,10,0.0±0.0,0.0±0.0,0.0±0.0,0.0±0.0,0.0±0.001,0.0±0.0,0.0±0.0,0.505±0.426,0.0±0.0,0.495±0.426,84.568083528172,-69.39196492113194
2CXO J004244.8+411739,AGN,Seyfert_1,9,0.092±0.166,0.108±0.177,0.209±0.226,0.128±0.312,0.205±0.293,0.068±0.131,0.17±0.22,0.02±0.056,0.0±0.0,0.001±0.003,10.687065692039257,41.2943436082504
2CXO J004228.9+410436,HMXB,QSO,9,0.327±0.355,0.128±0.087,0.107±0.166,0.015±0.026,0.281±0.308,0.026±0.064,0.058±0.131,0.012±0.025,0.028±0.073,0.019±0.045,10.620706160574684,41.07679885224911
2CXO J132506.3-430221,QSO,Seyfert_1,8,0.324±0.306,0.074±0.098,0.39±0.347,0.041±0.081,0.137±0.288,0.0±0.0,0.003±0.002,0.013±0.03,0.0±0.0,0.018±0.043,201.27628598930343,-43.03917821130853
2CXO J053525.4-052134,Orion_V*,YSO,7,0.0±0.0,0.0±0.0,0.0±0.0,0.0±0.0,0.01±0.024,0.004±0.009,0.0±0.0,0.504±0.322,0.006±0.01,0.477±0.333,83.85615101617304,-5.3596762750463
2CXO J132533.9-425859,HMXB,AGN,7,0.056±0.068,0.4±0.338,0.074±0.176,0.004±0.01,0.322±0.313,0.065±0.041,0.071±0.109,0.004±0.007,0.003±0.007,0.001±0.002,201.39141455553656,-42.98320026942256
2CXO J132522.3-425717,YSO,HMXB,7,0.0±0.0,0.0±0.0,0.0±0.0,0.0±0.0,0.411±0.471,0.031±0.075,0.0±0.0,0.377±0.416,0.138±0.227,0.044±0.059,201.34302982500867,-42.95473568268528
2CXO J174517.3-290625,LMXB,Orion_V*,7,0.047±0.087,0.082±0.105,0.022±0.052,0.001±0.002,0.234±0.309,0.202±0.256,0.0±0.0,0.125±0.3,0.0±0.0,0.286±0.447,266.32212630977426,-29.107050268220533
2CXO J123049.2+122334,LMXB,Orion_V*,7,0.006±0.015,0.0±0.001,0.011±0.026,0.126±0.307,0.193±0.327,0.229±0.378,0.0±0.0,0.169±0.274,0.002±0.004,0.263±0.34,187.70516970553703,12.392939742258667
2CXO J053510.4-052245,YSO,Orion_V*,7,0.0±0.0,0.0±0.0,0.0±0.0,0.0±0.0,0.0±0.0,0.098±0.241,0.0±0.0,0.329±0.212,0.149±0.288,0.423±0.163,83.79371967476601,-5.37933889416196
2CXO J173027.9-213142,Orion_V*,HMXB,7,0.0±0.0,0.002±0.004,0.0±0.0,0.0±0.0,0.407±0.263,0.122±0.168,0.014±0.034,0.163±0.223,0.0±0.0,0.292±0.376,262.6165357273594,-21.528444063688603
2CXO J104419.8-595923,LMXB,YSO,6,0.0±0.0,0.0±0.0,0.0±0.0,0.0±0.0,0.0±0.0,0.328±0.463,0.0±0.0,0.338±0.461,0.0±0.0,0.335±0.454,161.08256532298913,-59.98985891632598
2CXO J104419.5-595937,LMXB,YSO,6,0.0±0.0,0.0±0.0,0.0±0.0,0.0±0.0,0.0±0.0,0.328±0.463,0.0±0.0,0.338±0.461,0.0±0.0,0.335±0.454,161.08130166397711,-59.99364645666484
2CXO J031851.0+414151,AGN,HMXB,6,0.104±0.192,0.207±0.359,0.185±0.354,0.088±0.186,0.234±0.36,0.003±0.006,0.013±0.028,0.0±0.0,0.008±0.017,0.159±0.355,49.71269028209281,41.6977433041174
2CXO J013356.7+303729,LMXB,HMXB,6,0.085±0.168,0.167±0.211,0.03±0.045,0.026±0.04,0.29±0.214,0.217±0.223,0.091±0.117,0.013±0.022,0.073±0.162,0.009±0.02,23.486582234297828,30.62493252658876
2CXO J133806.0-294427,AGN,HMXB,6,0.184±0.14,0.152±0.18,0.138±0.215,0.136±0.271,0.202±0.342,0.0±0.001,0.0±0.0,0.004±0.007,0.001±0.002,0.183±0.316,204.5253590784198,-29.74109551361284
2CXO J200043.5+224224,YSO,HMXB,6,0.0±0.0,0.018±0.033,0.0±0.001,0.0±0.0,0.453±0.334,0.049±0.067,0.066±0.148,0.395±0.392,0.015±0.026,0.003±0.003,300.1814734830806,22.70685950435566
2CXO J053515.8-052245,Orion_V*,YSO,6,0.0±0.0,0.0±0.0,0.097±0.216,0.024±0.054,0.034±0.075,0.098±0.163,0.012±0.028,0.382±0.319,0.026±0.042,0.326±0.328,83.81596975617316,-5.379353773785622
2CXO J020840.8+105533,AGN,QSO,5,0.436±0.149,0.268±0.254,0.168±0.148,0.0±0.0,0.016±0.032,0.003±0.006,0.103±0.202,0.0±0.0,0.006±0.013,0.0±0.0,32.17037988754413,10.925945345621438
2CXO J053517.8-052053,Orion_V*,YSO,5,0.0±0.0,0.0±0.0,0.0±0.0,0.0±0.0,0.0±0.0,0.058±0.115,0.0±0.0,0.421±0.277,0.12±0.205,0.402±0.311,83.82433875488351,-5.348284900997842
2CXO J053505.6-052504,YSO,LMXB,5,0.0±0.0,0.0±0.0,0.0±0.0,0.0±0.0,0.0±0.0,0.401±0.488,0.0±0.0,0.353±0.43,0.207±0.391,0.038±0.05,83.77372988482762,-5.417815593850397
2CXO J065758.8-555004,AGN,QSO,5,0.398±0.122,0.388±0.238,0.136±0.229,0.0±0.0,0.043±0.04,0.027±0.054,0.007±0.012,0.0±0.0,0.0±0.0,0.0±0.0,104.495241496029,-55.83467733973142
2CXO J031003.7-204107,Seyfert_1,AGN,5,0.211±0.171,0.253±0.178,0.222±0.188,0.02±0.031,0.157±0.156,0.099±0.177,0.036±0.033,0.002±0.004,0.0±0.0,0.0±0.0,47.51571798819532,-20.68537028204967
2CXO J020807.6+110612,QSO,Seyfert_1,5,0.303±0.261,0.156±0.092,0.308±0.166,0.138±0.257,0.069±0.124,0.019±0.038,0.006±0.012,0.0±0.0,0.0±0.0,0.0±0.0,32.03208310481648,11.10334789516175
2CXO J013402.0+303004,Seyfert_1,QSO,5,0.203±0.303,0.176±0.068,0.125±0.221,0.068±0.1,0.184±0.259,0.119±0.1,0.126±0.126,0.0±0.0,0.001±0.001,0.0±0.0,23.508488099987176,30.50135501948946
2CXO J132546.0-431103,Seyfert_1,Seyfert_2,5,0.007±0.014,0.027±0.052,0.174±0.214,0.278±0.353,0.095±0.114,0.172±0.286,0.044±0.043,0.002±0.004,0.196±0.391,0.004±0.008,201.441710262804,-43.184371724784754
2CXO J100152.1+021158,YSO,TTau*,5,0.0±0.0,0.0±0.0,0.0±0.0,0.0±0.0,0.022±0.041,0.096±0.192,0.0±0.0,0.282±0.22,0.394±0.28,0.206±0.264,150.467376488144,2.1994697184241003
2CXO J203231.9+411353,LMXB,YSO,5,0.0±0.0,0.0±0.0,0.0±0.0,0.0±0.0,0.0±0.0,0.371±0.456,0.0±0.0,0.419±0.473,0.001±0.002,0.209±0.394,308.1330726449712,41.23154063521464
2CXO J201225.5-564951,AGN,Seyfert_1,5,0.146±0.162,0.27±0.216,0.298±0.298,0.071±0.128,0.082±0.086,0.006±0.009,0.126±0.234,0.0±0.0,0.0±0.0,0.0±0.0,303.1063967311967,-56.83085843760214
2CXO J155453.3+661826,AGN,Seyfert_1,4,0.132±0.089,0.325±0.314,0.399±0.338,0.017±0.018,0.002±0.002,0.006±0.011,0.0±0.0,0.011±0.019,0.06±0.104,0.047±0.08,238.72233372894647,66.30725398325411
2CXO J164051.9+464104,TTau*,YSO,4,0.0±0.0,0.0±0.0,0.0±0.0,0.0±0.0,0.0±0.0,0.0±0.0,0.0±0.0,0.34±0.4,0.338±0.408,0.322±0.391,250.2162899326072,46.68461653602465
2CXO J010205.9-221034,QSO,AGN,4,0.149±0.221,0.28±0.373,0.011±0.011,0.009±0.016,0.103±0.102,0.093±0.099,0.101±0.12,0.236±0.407,0.004±0.005,0.014±0.023,15.524775816259364,-22.17631094591304
2CXO J100508.2-074459,LMXB,Seyfert_1,4,0.127±0.146,0.074±0.076,0.286±0.375,0.095±0.16,0.137±0.173,0.266±0.424,0.016±0.027,0.0±0.0,0.0±0.0,0.0±0.0,151.28442430819973,-7.749848820639015
2CXO J100513.9-074306,QSO,AGN,4,0.364±0.204,0.404±0.35,0.039±0.038,0.007±0.008,0.032±0.043,0.134±0.151,0.02±0.027,0.0±0.0,0.0±0.0,0.0±0.0,151.3080456235,-7.718599797199999
2CXO J162114.3+381059,AGN,QSO,4,0.421±0.312,0.252±0.2,0.064±0.059,0.0±0.0,0.073±0.072,0.038±0.064,0.005±0.006,0.056±0.097,0.0±0.0,0.092±0.159,245.30994129745568,38.183254543179125
2CXO J110629.4-182202,XB,Seyfert_1,4,0.187±0.13,0.097±0.117,0.304±0.275,0.001±0.002,0.105±0.124,0.025±0.043,0.122±0.211,0.001±0.001,0.158±0.273,0.001±0.002,166.62279708124038,-18.367223222202835
2CXO J104814.3+124541,HMXB,AGN,4,0.077±0.106,0.4±0.314,0.109±0.12,0.001±0.001,0.354±0.334,0.007±0.01,0.026±0.035,0.0±0.0,0.016±0.027,0.01±0.017,162.05972210723417,12.76143189618624
2CXO J051959.0-454448,Orion_V*,YSO,4,0.0±0.0,0.0±0.0,0.0±0.0,0.0±0.0,0.022±0.038,0.108±0.114,0.0±0.0,0.412±0.291,0.186±0.321,0.272±0.198,79.99593851781128,-45.746892195683664
2CXO J020911.0+110020,QSO,Seyfert_1,4,0.258±0.242,0.294±0.28,0.425±0.309,0.013±0.016,0.009±0.011,0.0±0.0,0.0±0.0,0.0±0.0,0.0±0.0,0.0±0.0,32.29619952502617,11.00572462139825
2CXO J052300.1+333530,LMXB,HMXB,4,0.0±0.0,0.125±0.134,0.0±0.001,0.001±0.002,0.427±0.326,0.391±0.211,0.0±0.0,0.027±0.032,0.0±0.0,0.029±0.037,80.75052452374712,33.591866664604794
2CXO J010334.4-221614,HMXB,Seyfert_1,4,0.009±0.012,0.206±0.29,0.238±0.254,0.034±0.056,0.179±0.165,0.064±0.105,0.175±0.299,0.001±0.001,0.094±0.154,0.0±0.001,15.893465879973633,-22.2706615638862
2CXO J013323.9+303517,AGN,Seyfert_2,4,0.184±0.305,0.152±0.177,0.201±0.324,0.249±0.333,0.083±0.038,0.038±0.066,0.038±0.063,0.002±0.003,0.051±0.056,0.001±0.001,23.34970252131341,30.58818824032962
2CXO J190834.0+001139,YSO,Orion_V*,4,0.0±0.0,0.0±0.0,0.0±0.0,0.0±0.0,0.001±0.001,0.081±0.105,0.0±0.0,0.444±0.349,0.025±0.039,0.45±0.355,287.1420565220852,0.1942157834700346
2CXO J182615.0-145055,LMXB,Orion_V*,4,0.001±0.001,0.015±0.021,0.209±0.335,0.0±0.0,0.125±0.074,0.189±0.322,0.0±0.0,0.182±0.305,0.0±0.0,0.279±0.334,276.5627355755772,-14.848703589585773
2CXO J002549.0-122659,AGN,QSO,4,0.394±0.306,0.154±0.228,0.203±0.249,0.006±0.011,0.02±0.025,0.065±0.096,0.157±0.273,0.0±0.0,0.0±0.0,0.0±0.0,6.454523125341154,-12.449911899099304
2CXO J002651.2+640342,Orion_V*,YSO,4,0.0±0.0,0.0±0.0,0.0±0.0,0.0±0.0,0.099±0.155,0.282±0.417,0.0±0.0,0.35±0.375,0.038±0.057,0.231±0.281,6.713361016973067,64.06184614741744
2CXO J065856.0-555205,HMXB,QSO,4,0.314±0.309,0.2±0.143,0.025±0.038,0.006±0.004,0.293±0.297,0.108±0.184,0.047±0.062,0.004±0.008,0.001±0.001,0.0±0.0,104.73369826845637,-55.8681439246538
2CXO J203233.4+411405,LMXB,YSO,4,0.0±0.0,0.0±0.0,0.0±0.0,0.0±0.0,0.0±0.0,0.464±0.466,0.0±0.0,0.523±0.476,0.001±0.002,0.012±0.019,308.1395629030725,41.23489030769044
2CXO J203229.1+411402,LMXB,YSO,4,0.0±0.0,0.0±0.0,0.0±0.0,0.0±0.0,0.0±0.0,0.464±0.466,0.0±0.0,0.523±0.476,0.001±0.002,0.012±0.019,308.1214676624232,41.233929505605545
2CXO J033912.1-352812,HMXB,Seyfert_1,4,0.058±0.053,0.047±0.043,0.343±0.341,0.079±0.071,0.33±0.343,0.049±0.073,0.005±0.005,0.009±0.016,0.0±0.001,0.079±0.137,54.80077475071454,-35.47000847197666
2CXO J053516.5-052405,TTau*,HMXB,4,0.0±0.0,0.0±0.0,0.0±0.0,0.0±0.0,0.259±0.324,0.25±0.433,0.013±0.023,0.151±0.15,0.206±0.204,0.119±0.076,83.81906660110224,-5.401619548045637
2CXO J002316.1-720733,Seyfert_2,HMXB,4,0.035±0.037,0.189±0.219,0.005±0.007,0.155±0.266,0.381±0.358,0.008±0.012,0.047±0.051,0.167±0.285,0.004±0.003,0.011±0.016,5.81729190193613,-72.12594059754775
2CXO J123017.7+122545,Seyfert_1,Seyfert_2,4,0.164±0.177,0.184±0.184,0.124±0.203,0.236±0.346,0.194±0.16,0.047±0.058,0.01±0.008,0.026±0.027,0.005±0.006,0.011±0.019,187.57394661868864,12.429281336722765
2CXO J053514.8-052315,TTau*,YSO,4,0.0±0.0,0.0±0.0,0.0±0.0,0.0±0.0,0.005±0.005,0.214±0.214,0.0±0.0,0.334±0.256,0.201±0.327,0.246±0.31,83.8117817749079,-5.387712249537306
2CXO J004231.8+405708,HMXB,XB,4,0.003±0.006,0.053±0.088,0.034±0.032,0.064±0.083,0.295±0.184,0.071±0.061,0.479±0.331,0.001±0.0,0.0±0.0,0.0±0.0,10.63281984814222,40.952342512050045
2CXO J024024.5+385503,AGN,QSO,4,0.399±0.328,0.392±0.377,0.157±0.195,0.012±0.013,0.004±0.006,0.001±0.002,0.035±0.06,0.0±0.0,0.0±0.0,0.0±0.0,40.10217383217315,38.91751884856364
2CXO J132538.1-431212,LMXB,TTau*,4,0.011±0.012,0.075±0.106,0.002±0.004,0.04±0.069,0.229±0.297,0.141±0.213,0.002±0.003,0.125±0.205,0.247±0.374,0.128±0.174,201.40900214327257,-43.20349519912997
2CXO J122349.6+072659,TTau*,Orion_V*,4,0.0±0.0,0.0±0.0,0.216±0.373,0.0±0.0,0.25±0.433,0.035±0.059,0.0±0.0,0.031±0.034,0.185±0.32,0.283±0.378,185.95698549723488,7.44975238780996
2CXO J132546.0-425510,Seyfert_2,YSO,4,0.0±0.001,0.0±0.0,0.0±0.0,0.12±0.141,0.002±0.003,0.176±0.223,0.043±0.074,0.45±0.322,0.149±0.254,0.06±0.102,201.44193751743524,-42.91955326096796
2CXO J053429.1-051420,Orion_V*,YSO,4,0.0±0.0,0.0±0.0,0.0±0.0,0.0±0.0,0.154±0.231,0.0±0.0,0.0±0.0,0.463±0.319,0.17±0.266,0.213±0.229,83.6212628459939,-5.238934984231846
2CXO J033334.6-360936,QSO,XB,4,0.212±0.346,0.208±0.268,0.09±0.085,0.206±0.357,0.031±0.049,0.002±0.002,0.251±0.432,0.0±0.0,0.0±0.0,0.0±0.0,53.39422358526616,-36.16015254490303
2CXO J174018.4-533948,HMXB,QSO,3,0.34±0.261,0.121±0.085,0.007±0.006,0.115±0.109,0.33±0.192,0.057±0.063,0.028±0.028,0.0±0.001,0.0±0.0,0.0±0.001,265.07686350781694,-53.663444865823415
2CXO J033827.6-352648,YSO,Seyfert_1,3,0.103±0.125,0.034±0.048,0.404±0.392,0.0±0.0,0.12±0.158,0.0±0.0,0.0±0.0,0.238±0.337,0.006±0.007,0.095±0.134,54.61521735422923,-35.44685641038909
2CXO J053608.7-052103,XB,YSO,3,0.0±0.0,0.0±0.0,0.0±0.0,0.0±0.001,0.006±0.009,0.0±0.0,0.322±0.424,0.352±0.442,0.311±0.44,0.008±0.011,84.03638850485339,-5.351057575580295
2CXO J045354.2-102553,TTau*,QSO,3,0.348±0.444,0.289±0.4,0.001±0.001,0.0±0.0,0.0±0.0,0.0±0.0,0.017±0.024,0.03±0.043,0.191±0.253,0.123±0.166,73.4761767153957,-10.43149630267306
2CXO J190714.3+091919,LMXB,TTau*,3,0.0±0.0,0.086±0.036,0.009±0.011,0.288±0.211,0.003±0.002,0.3±0.164,0.0±0.0,0.0±0.0,0.314±0.386,0.0±0.0,286.80968207726346,9.322134020060854
2CXO J042649.2+255611,LMXB,HMXB,3,0.106±0.105,0.083±0.058,0.052±0.074,0.188±0.232,0.307±0.306,0.148±0.109,0.111±0.087,0.002±0.002,0.001±0.0,0.002±0.002,66.7053973689454,25.93641518394412
2CXO J174545.2-285828,TTau*,Seyfert_2,3,0.0±0.0,0.001±0.001,0.0±0.0,0.333±0.47,0.108±0.119,0.001±0.001,0.0±0.0,0.219±0.156,0.268±0.229,0.071±0.052,266.4386856800252,-28.97455935160832
2CXO J042724.5+255808,Orion_V*,HMXB,3,0.032±0.036,0.094±0.133,0.0±0.0,0.0±0.0,0.353±0.213,0.014±0.018,0.002±0.002,0.302±0.219,0.038±0.038,0.163±0.175,66.85224419980784,25.969013535078595
2CXO J045414.9-100226,QSO,TTau*,3,0.241±0.341,0.077±0.109,0.055±0.049,0.246±0.344,0.039±0.055,0.0±0.0,0.0±0.0,0.0±0.0,0.323±0.435,0.019±0.026,73.56209530455487,-10.040569612527948
2CXO J033808.7-353419,Orion_V*,YSO,3,0.0±0.0,0.0±0.0,0.0±0.0,0.0±0.0,0.0±0.0,0.0±0.0,0.0±0.0,0.369±0.348,0.332±0.458,0.298±0.301,54.53657767439273,-35.57197039706611
2CXO J203213.8+412711,LMXB,Orion_V*,3,0.001±0.002,0.271±0.383,0.009±0.013,0.0±0.0,0.052±0.074,0.196±0.277,0.0±0.0,0.137±0.194,0.0±0.0,0.334±0.471,308.05767482334863,41.45329027236805
2CXO J031937.5+413844,Orion_V*,HMXB,3,0.0±0.0,0.003±0.004,0.0±0.0,0.0±0.0,0.398±0.426,0.001±0.002,0.0±0.0,0.381±0.33,0.025±0.036,0.192±0.194,49.906273036873074,41.64563635838434
2CXO J044207.0-490013,QSO,Seyfert_1,3,0.388±0.279,0.139±0.168,0.429±0.4,0.021±0.029,0.01±0.009,0.003±0.004,0.011±0.011,0.0±0.0,0.0±0.0,0.0±0.0,70.5293482013098,-49.003753042943806
2CXO J045356.9+024644,AGN,Seyfert_1,3,0.002±0.003,0.328±0.443,0.341±0.465,0.0±0.001,0.055±0.077,0.027±0.037,0.024±0.031,0.012±0.016,0.208±0.289,0.002±0.003,73.48745016824819,2.7789404278450776
2CXO J032957.9-021320,HMXB,QSO,3,0.341±0.412,0.284±0.224,0.045±0.063,0.001±0.002,0.233±0.205,0.012±0.012,0.079±0.097,0.001±0.001,0.0±0.0,0.003±0.003,52.491342693219394,-2.2224708972952807
2CXO J041423.5+053509,LMXB,HMXB,3,0.002±0.002,0.06±0.057,0.007±0.01,0.0±0.0,0.342±0.319,0.308±0.261,0.221±0.292,0.06±0.085,0.0±0.0,0.0±0.0,63.598287006837495,5.586013848498457
2CXO J031656.0-442548,Orion_V*,AGN,3,0.146±0.151,0.311±0.423,0.002±0.002,0.0±0.0,0.064±0.091,0.141±0.199,0.002±0.003,0.124±0.175,0.0±0.0,0.211±0.296,49.23372330338782,-44.4302187962092
2CXO J074423.3+375514,YSO,TTau*,3,0.0±0.0,0.0±0.0,0.0±0.0,0.0±0.0,0.006±0.008,0.0±0.0,0.0±0.0,0.472±0.383,0.488±0.408,0.034±0.025,116.09713562754432,37.92073032665743
2CXO J095522.1+690510,Seyfert_2,HMXB,3,0.054±0.076,0.278±0.282,0.066±0.061,0.134±0.15,0.426±0.172,0.007±0.007,0.032±0.042,0.003±0.005,0.0±0.0,0.0±0.0,148.8420974190277,69.08624625094036
2CXO J095534.9+690342,Seyfert_1,LMXB,3,0.0±0.0,0.022±0.017,0.225±0.175,0.095±0.075,0.221±0.145,0.344±0.447,0.091±0.108,0.001±0.001,0.0±0.0,0.001±0.001,148.8954397615977,69.06178191465573
2CXO J052246.5+332511,TTau*,YSO,3,0.0±0.0,0.0±0.0,0.0±0.0,0.0±0.0,0.0±0.0,0.333±0.471,0.0±0.0,0.341±0.466,0.321±0.454,0.005±0.007,80.69393858485114,33.41980534934701
2CXO J095611.6+693803,XB,HMXB,3,0.0±0.0,0.004±0.005,0.023±0.026,0.143±0.202,0.43±0.405,0.173±0.129,0.226±0.286,0.0±0.0,0.0±0.0,0.0±0.0,149.04841723258926,69.6344324145308
2CXO J205806.3+052317,HMXB,AGN,3,0.037±0.035,0.377±0.341,0.055±0.046,0.008±0.011,0.086±0.119,0.081±0.111,0.066±0.093,0.004±0.005,0.282±0.399,0.004±0.006,314.5265558172191,5.388179405780225
2CXO J095837.1+023549,HMXB,YSO,3,0.003±0.004,0.154±0.124,0.084±0.118,0.09±0.126,0.138±0.125,0.0±0.0,0.0±0.0,0.329±0.294,0.028±0.038,0.174±0.162,149.65471852808946,2.596963667954032
2CXO J095503.7+694329,LMXB,HMXB,3,0.0±0.0,0.0±0.0,0.0±0.0,0.01±0.014,0.434±0.398,0.273±0.386,0.0±0.0,0.254±0.342,0.0±0.0,0.028±0.04,148.76563798646754,69.72478519802698
2CXO J035956.5+541853,AGN,LMXB,3,0.003±0.004,0.289±0.167,0.006±0.002,0.004±0.003,0.221±0.224,0.453±0.296,0.0±0.0,0.003±0.002,0.001±0.002,0.02±0.026,59.98564047482142,54.31486567711648
2CXO J084032.0+295332,Seyfert_1,AGN,3,0.154±0.101,0.308±0.332,0.233±0.203,0.169±0.239,0.129±0.112,0.002±0.003,0.005±0.006,0.0±0.0,0.0±0.0,0.0±0.0,130.13355919752678,29.8924813127824
2CXO J203426.1+600909,HMXB,Orion_V*,3,0.0±0.0,0.032±0.042,0.0±0.0,0.064±0.09,0.169±0.226,0.008±0.006,0.003±0.004,0.158±0.164,0.131±0.177,0.436±0.391,308.6088504794958,60.15261836414002
2CXO J171824.1-402933,LMXB,Orion_V*,3,0.0±0.0,0.003±0.004,0.014±0.02,0.0±0.0,0.024±0.017,0.317±0.405,0.0±0.0,0.232±0.322,0.0±0.0,0.411±0.4,259.6006261560806,-40.49254490480462
2CXO J091721.0+415442,Seyfert_1,LMXB,3,0.038±0.053,0.054±0.066,0.233±0.321,0.067±0.093,0.273±0.301,0.282±0.352,0.052±0.037,0.002±0.003,0.0±0.0,0.0±0.0,139.33769836379167,41.91176781462026
2CXO J162335.5-264746,TTau*,Orion_V*,3,0.0±0.0,0.0±0.0,0.0±0.0,0.0±0.0,0.003±0.002,0.034±0.048,0.0±0.0,0.213±0.202,0.35±0.254,0.4±0.023,245.8981250241378,-26.796368797354848
2CXO J074455.7+742154,Seyfert_1,HMXB,3,0.062±0.055,0.057±0.072,0.319±0.287,0.116±0.142,0.338±0.404,0.039±0.029,0.039±0.047,0.02±0.028,0.0±0.0,0.01±0.014,116.2321666368818,74.36516044482738
2CXO J072032.0+711212,Seyfert_1,HMXB,3,0.037±0.047,0.017±0.02,0.33±0.459,0.002±0.001,0.351±0.304,0.179±0.253,0.01±0.014,0.065±0.092,0.0±0.0,0.009±0.013,110.1333691673904,71.2034469737136
2CXO J072010.4+705736,AGN,Seyfert_1,3,0.222±0.166,0.348±0.242,0.361±0.342,0.049±0.064,0.018±0.022,0.001±0.001,0.001±0.001,0.0±0.0,0.0±0.0,0.0±0.0,110.04346897060044,70.96002190910289
2CXO J151646.4+071011,HMXB,AGN,3,0.357±0.072,0.384±0.225,0.133±0.187,0.0±0.0,0.124±0.162,0.0±0.0,0.002±0.002,0.0±0.0,0.0±0.0,0.0±0.001,229.1935755529452,7.169751603650245
2CXO J034011.7-183448,QSO,YSO,3,0.316±0.446,0.001±0.001,0.008±0.011,0.0±0.0,0.0±0.0,0.14±0.198,0.018±0.026,0.334±0.431,0.0±0.0,0.183±0.249,55.049141113679525,-18.580231278279665
2CXO J030947.6-203531,LMXB,QSO,3,0.28±0.384,0.238±0.102,0.042±0.046,0.178±0.206,0.079±0.059,0.123±0.127,0.058±0.052,0.001±0.001,0.0±0.0,0.0±0.0,47.448601557122,-20.592188707315888
2CXO J030953.6-203323,Seyfert_2,HMXB,3,0.162±0.198,0.197±0.23,0.003±0.003,0.198±0.28,0.271±0.368,0.096±0.074,0.065±0.08,0.008±0.011,0.0±0.0,0.0±0.0,47.47360918262245,-20.55661162633068
2CXO J071717.2+374231,XB,AGN,3,0.301±0.149,0.395±0.159,0.13±0.057,0.029±0.041,0.03±0.022,0.011±0.015,0.089±0.126,0.005±0.003,0.002±0.003,0.009±0.012,109.32167420759106,37.70885704614479
2CXO J025435.5+413546,QSO,Seyfert_1,3,0.257±0.3,0.34±0.385,0.395±0.42,0.001±0.001,0.004±0.005,0.002±0.002,0.0±0.0,0.0±0.0,0.001±0.002,0.0±0.0,43.64833160149311,41.59633270413645
2CXO J020904.0+105728,YSO,TTau*,3,0.115±0.09,0.148±0.198,0.118±0.165,0.001±0.002,0.007±0.01,0.009±0.007,0.001±0.001,0.212±0.276,0.34±0.364,0.05±0.035,32.266969290932764,10.957792605485851
2CXO J173047.3-214352,HMXB,YSO,3,0.0±0.0,0.083±0.103,0.0±0.0,0.0±0.0,0.346±0.077,0.09±0.051,0.002±0.002,0.386±0.201,0.0±0.0,0.092±0.118,262.697498398426,-21.73120570674114
2CXO J050814.1-672059,Seyfert_2,Seyfert_1,3,0.033±0.038,0.072±0.093,0.39±0.336,0.266±0.279,0.196±0.272,0.0±0.0,0.043±0.061,0.0±0.0,0.0±0.0,0.0±0.0,77.05879130095019,-67.34976322536897
2CXO J050727.0-680043,AGN,Seyfert_1,3,0.13±0.044,0.29±0.243,0.348±0.384,0.063±0.089,0.105±0.082,0.044±0.058,0.019±0.02,0.001±0.002,0.0±0.0,0.001±0.002,76.86270811602469,-68.01201540268745
2CXO J114004.6-320040,TTau*,YSO,3,0.0±0.0,0.0±0.0,0.0±0.0,0.0±0.0,0.004±0.006,0.001±0.001,0.0±0.0,0.53±0.354,0.211±0.214,0.254±0.353,175.01930913177227,-32.01138245649887
2CXO J004207.9+410436,YSO,QSO,3,0.273±0.385,0.0±0.0,0.0±0.0,0.0±0.0,0.181±0.148,0.0±0.0,0.0±0.0,0.269±0.379,0.205±0.29,0.071±0.088,10.532941937398276,41.07693222237415
2CXO J122433.5+124851,QSO,AGN,3,0.369±0.275,0.372±0.237,0.071±0.071,0.002±0.003,0.137±0.178,0.013±0.016,0.015±0.015,0.0±0.0,0.02±0.027,0.0±0.0,186.13973781231755,12.814245470158646
2CXO J104827.1+123842,XB,HMXB,3,0.122±0.119,0.122±0.102,0.027±0.017,0.062±0.077,0.463±0.374,0.064±0.088,0.141±0.1,0.0±0.0,0.0±0.0,0.0±0.0,162.11322478707723,12.64511591681827
2CXO J104829.9+123426,QSO,Seyfert_1,3,0.423±0.3,0.019±0.025,0.434±0.148,0.122±0.172,0.002±0.003,0.0±0.0,0.0±0.0,0.0±0.0,0.0±0.0,0.0±0.0,162.12488329479686,12.574096426690495
2CXO J122254.7+154916,TTau*,Orion_V*,3,0.0±0.0,0.001±0.002,0.0±0.0,0.005±0.007,0.016±0.022,0.141±0.199,0.171±0.242,0.029±0.034,0.18±0.25,0.457±0.405,185.72820625233453,15.821197625977888
2CXO J133742.4-295138,LMXB,QSO,3,0.299±0.347,0.128±0.035,0.185±0.261,0.03±0.042,0.059±0.072,0.272±0.377,0.028±0.016,0.0±0.0,0.0±0.0,0.0±0.0,204.42703070478592,-29.860594123619027
2CXO J010347.8-215240,TTau*,AGN,3,0.24±0.302,0.3±0.126,0.011±0.01,0.007±0.006,0.133±0.079,0.085±0.06,0.088±0.065,0.034±0.045,0.082±0.107,0.019±0.023,15.949337943802618,-21.877896795539684
2CXO J010340.5-215352,AGN,LMXB,3,0.19±0.131,0.183±0.091,0.046±0.065,0.001±0.002,0.238±0.25,0.297±0.365,0.044±0.033,0.0±0.0,0.0±0.0,0.0±0.0,15.919001383596878,-21.89791619350173
2CXO J150105.5+014330,XB,HMXB,3,0.007±0.004,0.105±0.141,0.002±0.002,0.005±0.006,0.368±0.313,0.354±0.404,0.157±0.16,0.001±0.001,0.001±0.001,0.0±0.001,225.27330301386723,1.7252421510688278
2CXO J223125.0+391914,QSO,Seyfert_1,3,0.313±0.442,0.023±0.028,0.339±0.413,0.009±0.006,0.315±0.403,0.0±0.0,0.0±0.0,0.001±0.001,0.0±0.0,0.0±0.0,337.8542713418474,39.320582572845645
2CXO J135114.7+682502,HMXB,Seyfert_2,3,0.109±0.126,0.107±0.11,0.246±0.239,0.279±0.394,0.193±0.254,0.018±0.017,0.034±0.026,0.004±0.005,0.001±0.001,0.009±0.013,207.8116029722246,68.41745914652742
2CXO J123519.2+123314,HMXB,AGN,3,0.052±0.035,0.401±0.301,0.235±0.317,0.013±0.018,0.168±0.181,0.102±0.116,0.025±0.018,0.002±0.003,0.002±0.002,0.001±0.001,188.83036204695213,12.553900834342535
2CXO J123030.4+414142,YSO,HMXB,3,0.0±0.0,0.007±0.006,0.0±0.0,0.0±0.0,0.523±0.314,0.016±0.018,0.0±0.0,0.333±0.229,0.002±0.002,0.12±0.134,187.62699381839093,41.695090842370206
2CXO J142316.2+460451,QSO,Seyfert_1,3,0.239±0.311,0.034±0.016,0.415±0.321,0.31±0.347,0.003±0.004,0.0±0.0,0.0±0.0,0.0±0.0,0.0±0.0,0.0±0.0,215.81753904700884,46.081051048914894
2CXO J122810.9+440648,TTau*,Orion_V*,3,0.0±0.0,0.0±0.0,0.0±0.0,0.0±0.0,0.023±0.031,0.0±0.0,0.0±0.0,0.369±0.405,0.206±0.29,0.402±0.337,187.0456658289305,44.113493665656094
2CXO J122906.0+020257,Seyfert_1,QSO,3,0.572±0.247,0.008±0.004,0.393±0.233,0.028±0.039,0.0±0.0,0.0±0.0,0.0±0.0,0.0±0.0,0.0±0.0,0.0±0.0,187.275146871179,2.0493649458656367
2CXO J002408.3-720431,TTau*,Seyfert_1,3,0.045±0.044,0.048±0.067,0.366±0.423,0.286±0.404,0.0±0.0,0.007±0.005,0.0±0.0,0.0±0.0,0.248±0.35,0.0±0.0,6.034720257866809,-72.07541651218435
2CXO J002446.8-721235,QSO,Seyfert_1,3,0.449±0.137,0.045±0.04,0.501±0.104,0.005±0.003,0.0±0.0,0.0±0.0,0.0±0.0,0.0±0.0,0.0±0.0,0.0±0.0,6.195294441806084,-72.20975528213975
2CXO J123044.2+122209,QSO,YSO,3,0.288±0.204,0.231±0.175,0.147±0.143,0.0±0.0,0.0±0.0,0.0±0.0,0.003±0.004,0.332±0.47,0.0±0.0,0.0±0.0,187.6844232384313,12.3692881439598
2CXO J010227.0-491429,AGN,Seyfert_1,3,0.323±0.345,0.335±0.329,0.336±0.397,0.003±0.004,0.002±0.001,0.0±0.0,0.0±0.0,0.0±0.0,0.0±0.0,0.0±0.0,15.612741811753551,-49.241649436126615
2CXO J123450.5+620839,YSO,Orion_V*,3,0.0±0.0,0.0±0.0,0.0±0.0,0.0±0.0,0.026±0.021,0.31±0.439,0.0±0.0,0.313±0.424,0.0±0.0,0.351±0.427,188.71072297650983,62.14442030651245
2CXO J132528.3-430103,Seyfert_2,AGN,3,0.0±0.0,0.37±0.263,0.019±0.027,0.28±0.215,0.316±0.448,0.0±0.0,0.001±0.001,0.005±0.007,0.007±0.011,0.0±0.0,201.3680770774239,-43.01751007052957
2CXO J141239.0-652332,Orion_V*,Seyfert_1,3,0.0±0.0,0.003±0.005,0.333±0.471,0.0±0.0,0.144±0.203,0.057±0.074,0.0±0.0,0.233±0.184,0.0±0.0,0.229±0.227,213.16281323359817,-65.39242016967313
2CXO J141309.5-652021,LMXB,HMXB,3,0.001±0.002,0.043±0.053,0.037±0.047,0.259±0.367,0.291±0.21,0.27±0.236,0.0±0.0,0.05±0.051,0.0±0.0,0.048±0.067,213.28997814277287,-65.33940338660203
2CXO J132528.2-430253,Seyfert_1,QSO,3,0.319±0.032,0.313±0.247,0.189±0.267,0.0±0.0,0.001±0.001,0.0±0.001,0.001±0.001,0.0±0.0,0.176±0.249,0.0±0.0,201.3675513034561,-43.04813897013189
2CXO J123059.5+122038,QSO,Seyfert_1,3,0.186±0.225,0.004±0.005,0.469±0.372,0.007±0.01,0.001±0.001,0.003±0.004,0.0±0.0,0.004±0.005,0.0±0.0,0.327±0.462,187.74812048973365,12.344159280173743
2CXO J003717.2-333435,QSO,AGN,3,0.266±0.373,0.356±0.453,0.067±0.095,0.046±0.065,0.001±0.001,0.264±0.373,0.0±0.0,0.0±0.0,0.0±0.0,0.0±0.0,9.322048467240506,-33.57657943907674
2CXO J132526.4-430054,AGN,Seyfert_2,3,0.0±0.0,0.299±0.236,0.006±0.008,0.366±0.074,0.189±0.213,0.14±0.153,0.0±0.0,0.0±0.0,0.0±0.0,0.0±0.0,201.36010687287944,-43.01506336003275
2CXO J004242.5+411659,Seyfert_1,HMXB,3,0.042±0.028,0.232±0.123,0.149±0.207,0.017±0.019,0.35±0.104,0.111±0.08,0.096±0.061,0.001±0.001,0.0±0.0,0.001±0.002,10.67719333900618,41.28314710937237
2CXO J133320.9+503104,YSO,HMXB,3,0.0±0.0,0.0±0.0,0.0±0.0,0.0±0.0,0.311±0.438,0.0±0.0,0.0±0.0,0.306±0.381,0.288±0.318,0.095±0.117,203.3373977733721,50.517778523391215
2CXO J150234.5-414200,LMXB,HMXB,3,0.005±0.006,0.106±0.095,0.012±0.009,0.007±0.009,0.436±0.324,0.309±0.182,0.09±0.127,0.034±0.048,0.0±0.0,0.0±0.0,225.64389839607497,-41.70023135954781
2CXO J150211.6-420429,QSO,AGN,3,0.315±0.441,0.329±0.389,0.073±0.052,0.023±0.032,0.101±0.143,0.109±0.155,0.05±0.07,0.0±0.0,0.0±0.0,0.0±0.0,225.54874130330188,-42.07480638449786
2CXO J124908.0-055612,Seyfert_1,QSO,3,0.382±0.332,0.04±0.028,0.238±0.262,0.003±0.002,0.324±0.45,0.0±0.0,0.0±0.0,0.0±0.0,0.009±0.013,0.004±0.006,192.2836223179686,-5.936876676715928
2CXO J004718.4-251914,Seyfert_2,HMXB,3,0.0±0.0,0.011±0.014,0.122±0.171,0.212±0.298,0.324±0.424,0.29±0.389,0.042±0.033,0.0±0.0,0.0±0.0,0.0±0.0,11.82706970362949,-25.32063033997965
2CXO J013330.6+303404,AGN,LMXB,3,0.009±0.012,0.325±0.154,0.012±0.011,0.002±0.001,0.257±0.277,0.388±0.167,0.0±0.0,0.004±0.005,0.0±0.0,0.002±0.003,23.37770398807908,30.56785558058584
2CXO J215357.5+164447,QSO,XB,3,0.275±0.173,0.186±0.127,0.191±0.158,0.004±0.006,0.01±0.009,0.003±0.004,0.332±0.431,0.0±0.0,0.0±0.0,0.0±0.0,328.4899698818755,16.746422794676764
2CXO J215457.3+164905,LMXB,HMXB,3,0.0±0.0,0.157±0.112,0.012±0.008,0.001±0.0,0.489±0.363,0.325±0.235,0.0±0.0,0.013±0.017,0.0±0.0,0.003±0.004,328.7390877234702,16.81819895512732
2CXO J004349.2-202614,LMXB,Seyfert_2,3,0.089±0.089,0.181±0.148,0.101±0.142,0.32±0.387,0.092±0.062,0.144±0.171,0.026±0.035,0.018±0.012,0.008±0.008,0.022±0.022,10.955186290465347,-20.43731458569247
2CXO J121924.1+292254,YSO,AGN,3,0.322±0.3,0.36±0.268,0.014±0.01,0.0±0.0,0.003±0.002,0.0±0.0,0.0±0.0,0.298±0.422,0.001±0.001,0.001±0.002,184.8505977436546,29.381712420478152
2CXO J133712.5-295154,YSO,AGN,3,0.0±0.0,0.286±0.202,0.005±0.006,0.0±0.001,0.261±0.215,0.176±0.245,0.0±0.0,0.269±0.375,0.0±0.0,0.002±0.003,204.30222706065933,-29.865251145609182
2CXO J130003.9+275550,Seyfert_2,LMXB,3,0.03±0.042,0.082±0.058,0.139±0.098,0.189±0.263,0.182±0.151,0.374±0.346,0.005±0.006,0.0±0.0,0.0±0.0,0.0±0.0,195.0163201502121,27.930675047691544
2CXO J125906.6-015058,QSO,Seyfert_1,3,0.243±0.211,0.153±0.165,0.323±0.359,0.041±0.026,0.114±0.157,0.058±0.071,0.036±0.05,0.0±0.001,0.031±0.044,0.0±0.0,194.77763069082167,-1.8495223273958108
2CXO J133719.8-295348,YSO,QSO,3,0.267±0.377,0.01±0.014,0.0±0.001,0.138±0.195,0.163±0.198,0.0±0.0,0.0±0.0,0.262±0.216,0.063±0.089,0.096±0.107,204.3325237519328,-29.89684970840614
2CXO J053526.9-052400,YSO,HMXB,2,0.0±0.0,0.0±0.0,0.0±0.0,0.0±0.0,0.585±0.369,0.003±0.003,0.0±0.0,0.235±0.219,0.034±0.019,0.143±0.135,83.86237618364089,-5.400119139941967
2CXO J174441.6-284653,YSO,HMXB,2,0.0±0.0,0.0±0.0,0.012±0.012,0.0±0.0,0.484±0.484,0.002±0.002,0.0±0.0,0.359±0.359,0.03±0.03,0.114±0.109,266.17374983222817,-28.781548482495456
2CXO J122648.5+215300,QSO,HMXB,2,0.29±0.289,0.0±0.0,0.076±0.069,0.0±0.0,0.47±0.47,0.001±0.0,0.0±0.0,0.098±0.098,0.001±0.001,0.065±0.015,186.70227453208489,21.88359014474965
2CXO J122657.3+441838,QSO,Seyfert_1,2,0.432±0.382,0.053±0.052,0.515±0.434,0.0±0.0,0.0±0.0,0.0±0.0,0.0±0.0,0.0±0.0,0.0±0.0,0.0±0.0,186.7390744697807,44.31067996924507
2CXO J053540.2-051728,YSO,HMXB,2,0.0±0.0,0.007±0.007,0.0±0.0,0.001±0.001,0.492±0.492,0.0±0.0,0.001±0.001,0.444±0.444,0.011±0.01,0.046±0.046,83.91777135908444,-5.291160265994963
2CXO J122700.8+214758,QSO,AGN,2,0.357±0.191,0.385±0.384,0.07±0.016,0.0±0.0,0.068±0.056,0.008±0.008,0.049±0.049,0.048±0.048,0.002±0.002,0.013±0.013,186.75339632434032,21.79970310692158
2CXO J180349.1-242203,TTau*,YSO,2,0.0±0.0,0.0±0.0,0.0±0.0,0.0±0.0,0.131±0.13,0.0±0.0,0.0±0.0,0.531±0.319,0.205±0.161,0.133±0.028,270.9546412337792,-24.36762086131392
2CXO J132519.0-430156,XB,QSO,2,0.356±0.208,0.235±0.006,0.074±0.065,0.004±0.004,0.011±0.001,0.031±0.017,0.288±0.268,0.0±0.0,0.001±0.001,0.0±0.0,201.3295290890943,-43.03239669152836
2CXO J053521.0-052355,YSO,Orion_V*,2,0.0±0.0,0.0±0.0,0.0±0.0,0.0±0.0,0.007±0.003,0.0±0.0,0.0±0.0,0.299±0.168,0.185±0.125,0.509±0.29,83.83757625275592,-5.398761711355561
2CXO J132519.3-430157,XB,QSO,2,0.356±0.208,0.235±0.006,0.074±0.065,0.004±0.004,0.011±0.001,0.031±0.017,0.288±0.268,0.0±0.0,0.001±0.001,0.0±0.0,201.3304528784821,-43.0325245650272
2CXO J132600.2-424345,HMXB,Seyfert_2,2,0.0±0.0,0.001±0.001,0.019±0.019,0.431±0.345,0.387±0.343,0.097±0.081,0.065±0.064,0.0±0.0,0.0±0.0,0.0±0.0,201.5010564567364,-42.72935415616767
2CXO J132523.0-430145,Seyfert_2,AGN,2,0.082±0.082,0.402±0.4,0.015±0.015,0.245±0.245,0.185±0.182,0.006±0.005,0.006±0.006,0.002±0.002,0.002±0.002,0.055±0.055,201.3461216753648,-43.02930418364545
2CXO J122310.1+154659,LMXB,Seyfert_1,2,0.118±0.07,0.154±0.148,0.463±0.461,0.01±0.01,0.035±0.034,0.219±0.219,0.0±0.0,0.0±0.0,0.0±0.0,0.0±0.0,185.79234616499525,15.783186295683414
2CXO J132523.2+305503,AGN,HMXB,2,0.073±0.073,0.366±0.365,0.015±0.014,0.0±0.0,0.415±0.413,0.085±0.085,0.0±0.0,0.005±0.005,0.013±0.013,0.028±0.028,201.3469150402783,30.91759326158546
2CXO J053728.3-692029,Seyfert_2,YSO,2,0.001±0.001,0.093±0.062,0.0±0.0,0.255±0.255,0.269±0.021,0.078±0.076,0.0±0.0,0.299±0.243,0.0±0.0,0.006±0.005,84.36827938006053,-69.34143667736436
2CXO J055230.1+323306,HMXB,Seyfert_2,2,0.0±0.0,0.0±0.0,0.0±0.0,0.499±0.499,0.407±0.406,0.025±0.025,0.0±0.0,0.069±0.069,0.0±0.0,0.0±0.0,88.12581131879796,32.5518778177708
2CXO J132935.0+471956,AGN,QSO,2,0.303±0.081,0.268±0.117,0.042±0.004,0.013±0.013,0.017±0.008,0.084±0.061,0.042±0.042,0.126±0.126,0.101±0.08,0.003±0.003,202.39600481320983,47.33246635308866
2CXO J132900.3+471945,HMXB,AGN,2,0.144±0.144,0.301±0.301,0.069±0.025,0.079±0.079,0.231±0.166,0.002±0.002,0.173±0.173,0.0±0.0,0.0±0.0,0.0±0.0,202.251585550412,47.329296205995554
2CXO J175012.7-370306,HMXB,Seyfert_1,2,0.068±0.013,0.039±0.01,0.589±0.236,0.0±0.0,0.226±0.172,0.078±0.041,0.0±0.0,0.0±0.0,0.0±0.0,0.0±0.0,267.5529221282316,-37.05175799896489
2CXO J174928.3-291859,LMXB,YSO,2,0.0±0.0,0.0±0.0,0.0±0.0,0.0±0.0,0.0±0.0,0.5±0.5,0.0±0.0,0.5±0.5,0.0±0.0,0.0±0.0,267.3680602889294,-29.316536768835803
2CXO J174914.7-370058,QSO,XB,2,0.179±0.179,0.141±0.141,0.174±0.173,0.116±0.116,0.021±0.009,0.001±0.0,0.369±0.369,0.0±0.0,0.0±0.0,0.0±0.0,267.3115426073341,-37.01616778949208
2CXO J122030.7+292645,YSO,HMXB,2,0.0±0.0,0.004±0.003,0.0±0.0,0.029±0.029,0.595±0.396,0.004±0.004,0.0±0.0,0.207±0.205,0.021±0.021,0.141±0.141,185.1282894991528,29.44588786573861
2CXO J060246.4+421937,AGN,QSO,2,0.497±0.082,0.356±0.082,0.14±0.002,0.0±0.0,0.001±0.0,0.0±0.0,0.001±0.001,0.001±0.001,0.004±0.0,0.0±0.0,90.69355670085326,42.327140311870046
2CXO J174540.1-290803,YSO,HMXB,2,0.0±0.0,0.0±0.0,0.0±0.0,0.0±0.0,0.485±0.483,0.0±0.0,0.0±0.0,0.33±0.328,0.008±0.008,0.177±0.147,266.41741471369096,-29.134313469508182
2CXO J122037.9+291546,QSO,XB,2,0.196±0.196,0.178±0.178,0.29±0.078,0.002±0.002,0.015±0.004,0.003±0.003,0.316±0.304,0.0±0.0,0.0±0.0,0.0±0.0,185.15829834173576,29.26290660357516
2CXO J175138.3-294240,YSO,LMXB,2,0.0±0.0,0.0±0.0,0.0±0.0,0.0±0.0,0.08±0.077,0.39±0.39,0.031±0.031,0.366±0.366,0.005±0.005,0.128±0.128,267.9097767029018,-29.71122999471576
2CXO J053731.9-691845,HMXB,YSO,2,0.0±0.0,0.043±0.041,0.0±0.0,0.0±0.0,0.281±0.162,0.165±0.161,0.001±0.001,0.47±0.362,0.0±0.0,0.04±0.004,84.38318048788477,-69.31258482562264
2CXO J132532.4-430033,AGN,LMXB,2,0.238±0.042,0.223±0.101,0.15±0.15,0.01±0.01,0.005±0.003,0.331±0.331,0.007±0.005,0.013±0.008,0.01±0.009,0.013±0.013,201.385103346694,-43.0092477833202
2CXO J055646.2-331026,Orion_V*,YSO,2,0.0±0.0,0.0±0.0,0.0±0.0,0.0±0.0,0.001±0.001,0.0±0.0,0.0±0.0,0.518±0.468,0.004±0.004,0.477±0.463,89.19282020849602,-33.17399996998017
2CXO J053733.4-691831,HMXB,YSO,2,0.0±0.0,0.043±0.041,0.0±0.0,0.0±0.0,0.281±0.162,0.165±0.161,0.001±0.001,0.47±0.362,0.0±0.0,0.04±0.004,84.38932928150285,-69.30876139609781
2CXO J122017.1+290351,LMXB,HMXB,2,0.0±0.0,0.002±0.002,0.002±0.002,0.0±0.0,0.386±0.129,0.336±0.336,0.023±0.023,0.071±0.054,0.142±0.142,0.038±0.038,185.07156933578503,29.06424141531429
2CXO J174552.9-290358,TTau*,Orion_V*,2,0.0±0.0,0.0±0.0,0.0±0.0,0.0±0.0,0.239±0.239,0.0±0.0,0.0±0.0,0.012±0.012,0.268±0.253,0.481±0.481,266.47049973355297,-29.06630681158049
2CXO J132546.5-430938,QSO,TTau*,2,0.177±0.177,0.0±0.0,0.001±0.001,0.174±0.174,0.0±0.0,0.013±0.013,0.0±0.0,0.033±0.033,0.601±0.33,0.002±0.002,201.44389805529727,-43.16066813687467
2CXO J132533.0-425102,HMXB,Seyfert_2,2,0.002±0.002,0.053±0.042,0.016±0.015,0.288±0.282,0.16±0.132,0.151±0.097,0.023±0.002,0.098±0.098,0.119±0.119,0.092±0.092,201.38751306154472,-42.85076005458274
2CXO J053957.8-405318,Seyfert_1,Orion_V*,2,0.118±0.115,0.164±0.158,0.217±0.216,0.005±0.005,0.007±0.004,0.0±0.0,0.003±0.003,0.122±0.122,0.069±0.069,0.296±0.296,84.99119377863065,-40.88842360093063
2CXO J122019.9+292033,LMXB,HMXB,2,0.001±0.001,0.074±0.073,0.005±0.004,0.0±0.0,0.517±0.286,0.37±0.323,0.033±0.033,0.0±0.0,0.0±0.0,0.0±0.0,185.0831802998439,29.34268254962522
2CXO J132539.0-425653,HMXB,YSO,2,0.0±0.0,0.0±0.0,0.0±0.0,0.0±0.0,0.28±0.269,0.185±0.185,0.04±0.04,0.495±0.495,0.0±0.0,0.0±0.0,201.4127580168406,-42.94817581639589
2CXO J182430.7-244843,YSO,Orion_V*,2,0.0±0.0,0.0±0.0,0.002±0.002,0.0±0.0,0.124±0.123,0.012±0.001,0.001±0.001,0.272±0.216,0.028±0.016,0.56±0.107,276.1279651075089,-24.812178712230363
2CXO J182433.0-245210,TTau*,HMXB,2,0.0±0.0,0.006±0.006,0.001±0.001,0.006±0.006,0.488±0.274,0.078±0.078,0.022±0.022,0.009±0.003,0.386±0.386,0.004±0.004,276.1377265384472,-24.869617769528336
2CXO J130442.5-493449,YSO,HMXB,2,0.0±0.0,0.0±0.0,0.0±0.0,0.0±0.0,0.508±0.492,0.0±0.0,0.0±0.0,0.412±0.412,0.002±0.002,0.079±0.079,196.17731158257584,-49.58039265944097
2CXO J050525.5-673857,AGN,QSO,2,0.338±0.108,0.332±0.093,0.2±0.049,0.011±0.003,0.116±0.059,0.0±0.0,0.003±0.002,0.0±0.0,0.0±0.0,0.0±0.0,76.35655134188204,-67.64934066075496
2CXO J045415.5+030133,TTau*,QSO,2,0.254±0.254,0.155±0.155,0.048±0.047,0.003±0.003,0.117±0.099,0.005±0.004,0.027±0.027,0.143±0.139,0.235±0.235,0.012±0.011,73.56470929619059,3.0260328088251773
2CXO J050521.8-674932,AGN,HMXB,2,0.0±0.0,0.335±0.307,0.0±0.0,0.0±0.0,0.662±0.308,0.002±0.0,0.001±0.001,0.0±0.0,0.0±0.0,0.0±0.0,76.34111972602255,-67.8257871299374
2CXO J050527.1-674313,LMXB,Orion_V*,2,0.0±0.0,0.0±0.0,0.0±0.0,0.0±0.0,0.0±0.0,0.334±0.334,0.0±0.0,0.039±0.026,0.077±0.072,0.55±0.289,76.36319344270743,-67.72055428264011
2CXO J122932.7+075857,HMXB,QSO,2,0.36±0.283,0.256±0.019,0.054±0.054,0.017±0.017,0.291±0.29,0.016±0.016,0.001±0.0,0.0±0.0,0.005±0.005,0.0±0.0,187.386444298906,7.982537480170353
2CXO J124257.7+113607,QSO,AGN,2,0.369±0.157,0.421±0.013,0.058±0.04,0.004±0.004,0.091±0.047,0.028±0.028,0.026±0.026,0.001±0.001,0.0±0.0,0.0±0.0,190.7406293292895,11.602207343949242
2CXO J181931.6-135142,AGN,HMXB,2,0.04±0.038,0.215±0.114,0.0±0.0,0.028±0.028,0.29±0.128,0.133±0.037,0.281±0.035,0.003±0.003,0.004±0.003,0.006±0.003,274.88177878303327,-13.861705593302196
2CXO J051902.9-455316,LMXB,Seyfert_2,2,0.023±0.023,0.092±0.061,0.072±0.069,0.476±0.432,0.1±0.094,0.151±0.109,0.08±0.08,0.0±0.0,0.005±0.005,0.0±0.0,79.76211547291473,-45.88797306958762
2CXO J182118.4-161345,HMXB,Orion_V*,2,0.0±0.0,0.0±0.0,0.0±0.0,0.0±0.0,0.475±0.475,0.0±0.0,0.0±0.0,0.023±0.012,0.001±0.0,0.501±0.486,275.3270609747736,-16.229331958920845
2CXO J124324.8+024444,Seyfert_2,QSO,2,0.341±0.318,0.109±0.109,0.044±0.044,0.272±0.27,0.016±0.01,0.075±0.075,0.014±0.014,0.005±0.005,0.124±0.124,0.0±0.0,190.8534762437207,2.7457006965848447
2CXO J050715.8-675617,Seyfert_1,QSO,2,0.461±0.091,0.028±0.015,0.254±0.18,0.043±0.007,0.052±0.035,0.086±0.063,0.047±0.028,0.0±0.0,0.0±0.0,0.028±0.026,76.81597918438615,-67.93810598902627
2CXO J125804.5-171728,HMXB,LMXB,2,0.016±0.015,0.145±0.046,0.111±0.002,0.018±0.005,0.275±0.132,0.327±0.212,0.09±0.087,0.017±0.017,0.0±0.0,0.0±0.0,194.51893921641863,-17.29115326344057
2CXO J125749.2-171623,HMXB,Orion_V*,2,0.0±0.0,0.0±0.0,0.0±0.0,0.0±0.0,0.383±0.383,0.0±0.0,0.0±0.0,0.066±0.036,0.092±0.004,0.459±0.351,194.45508569381212,-17.273291877257886
2CXO J125053.7+410718,XB,HMXB,2,0.002±0.002,0.087±0.086,0.021±0.021,0.0±0.0,0.502±0.464,0.096±0.094,0.291±0.261,0.0±0.0,0.001±0.001,0.0±0.0,192.72379917331955,41.12182013256594
2CXO J125611.5+565326,AGN,QSO,2,0.567±0.119,0.405±0.123,0.013±0.011,0.0±0.0,0.005±0.002,0.004±0.003,0.007±0.002,0.0±0.0,0.0±0.0,0.0±0.0,194.04802372748577,56.89081857419085
2CXO J125048.6+410742,LMXB,Orion_V*,2,0.045±0.037,0.0±0.0,0.0±0.0,0.0±0.0,0.113±0.11,0.25±0.196,0.002±0.002,0.021±0.019,0.183±0.137,0.385±0.385,192.7025070421168,41.12844601526027
2CXO J125050.3+410712,Seyfert_1,HMXB,2,0.039±0.039,0.026±0.018,0.332±0.331,0.125±0.125,0.422±0.422,0.056±0.056,0.0±0.0,0.0±0.0,0.0±0.0,0.0±0.0,192.7096754459228,41.120020793715526
2CXO J125053.0+410710,Orion_V*,AGN,2,0.003±0.003,0.497±0.496,0.193±0.191,0.0±0.0,0.0±0.0,0.0±0.0,0.0±0.0,0.0±0.0,0.0±0.0,0.308±0.308,192.72097879188905,41.11970517271959
2CXO J190810.2-375629,XB,HMXB,2,0.001±0.001,0.083±0.032,0.006±0.002,0.009±0.004,0.578±0.261,0.047±0.031,0.265±0.263,0.007±0.004,0.005±0.004,0.0±0.0,287.04266309446825,-37.94154326971708
2CXO J125711.6-172433,YSO,Orion_V*,2,0.0±0.0,0.015±0.015,0.0±0.0,0.0±0.0,0.0±0.0,0.271±0.235,0.0±0.0,0.301±0.26,0.0±0.0,0.413±0.01,194.2985136910023,-17.40920238653448
2CXO J125536.4+565805,LMXB,AGN,2,0.041±0.036,0.336±0.336,0.027±0.026,0.01±0.01,0.128±0.047,0.241±0.229,0.108±0.085,0.024±0.017,0.006±0.006,0.079±0.017,193.90203336009824,56.96816272665219
2CXO J042844.0-534935,Seyfert_1,AGN,2,0.307±0.087,0.323±0.224,0.233±0.226,0.003±0.0,0.082±0.049,0.017±0.011,0.02±0.014,0.005±0.005,0.002±0.001,0.008±0.008,67.1834406890116,-53.826589622904
2CXO J042709.6+255411,AGN,HMXB,2,0.006±0.006,0.235±0.235,0.115±0.029,0.0±0.0,0.641±0.215,0.001±0.001,0.001±0.001,0.0±0.0,0.0±0.0,0.0±0.0,66.79027911288313,25.903231959119346
2CXO J043823.8-121257,Seyfert_2,Seyfert_1,2,0.21±0.02,0.072±0.07,0.445±0.192,0.261±0.254,0.007±0.007,0.001±0.001,0.004±0.004,0.0±0.0,0.0±0.0,0.0±0.0,69.59950965868848,-12.216034355018603
2CXO J043934.4+051949,XB,Seyfert_1,2,0.001±0.001,0.059±0.055,0.346±0.235,0.018±0.003,0.271±0.071,0.077±0.07,0.227±0.176,0.0±0.0,0.0±0.0,0.0±0.0,69.89367993115906,5.330304604623088
2CXO J045359.0+025037,AGN,Seyfert_1,2,0.231±0.028,0.237±0.094,0.245±0.045,0.032±0.032,0.011±0.003,0.134±0.127,0.103±0.025,0.002±0.002,0.002±0.002,0.003±0.003,73.4962376421874,2.8436781186422904
2CXO J125705.3-172630,Seyfert_1,AGN,2,0.312±0.283,0.358±0.023,0.286±0.262,0.011±0.011,0.008±0.008,0.024±0.024,0.002±0.002,0.0±0.0,0.0±0.0,0.0±0.0,194.27226269592984,-17.441795671763803
2CXO J045342.9+025144,Seyfert_1,XB,2,0.039±0.039,0.021±0.016,0.264±0.263,0.189±0.189,0.044±0.044,0.11±0.11,0.311±0.31,0.021±0.021,0.001±0.001,0.001±0.001,73.42875942447648,2.862456504962682
2CXO J044037.2+502741,HMXB,YSO,2,0.0±0.0,0.0±0.0,0.0±0.0,0.0±0.0,0.284±0.284,0.0±0.0,0.0±0.0,0.579±0.421,0.003±0.003,0.133±0.133,70.15530620103999,50.46144299670385
2CXO J044015.2+073044,AGN,QSO,2,0.568±0.248,0.285±0.138,0.043±0.006,0.001±0.001,0.101±0.101,0.0±0.0,0.002±0.002,0.0±0.0,0.0±0.0,0.0±0.0,70.06353488819781,7.512280577177656
2CXO J053514.8-052225,Seyfert_1,Orion_V*,2,0.0±0.0,0.0±0.0,0.29±0.29,0.072±0.072,0.1±0.1,0.0±0.0,0.037±0.037,0.052±0.051,0.0±0.0,0.448±0.448,83.81202823460563,-5.373669180323796
2CXO J053515.0-052231,Seyfert_1,Orion_V*,2,0.0±0.0,0.0±0.0,0.29±0.29,0.072±0.072,0.1±0.1,0.0±0.0,0.037±0.037,0.052±0.051,0.0±0.0,0.448±0.448,83.81284675126813,-5.375355414018778
2CXO J053514.9-052232,Seyfert_1,Orion_V*,2,0.0±0.0,0.0±0.0,0.29±0.29,0.072±0.072,0.1±0.1,0.0±0.0,0.037±0.037,0.052±0.051,0.0±0.0,0.448±0.448,83.812394145555,-5.375770356566828
2CXO J123049.1+122322,AGN,Orion_V*,2,0.118±0.118,0.216±0.216,0.008±0.008,0.0±0.0,0.145±0.145,0.0±0.0,0.001±0.001,0.016±0.015,0.0±0.0,0.496±0.473,187.70489139472363,12.389483078328675
2CXO J123049.3+122321,AGN,Orion_V*,2,0.118±0.118,0.216±0.216,0.008±0.008,0.0±0.0,0.145±0.145,0.0±0.0,0.001±0.001,0.016±0.015,0.0±0.0,0.496±0.473,187.7055141400616,12.38935977364651
2CXO J123049.8+122327,AGN,Orion_V*,2,0.118±0.118,0.216±0.216,0.008±0.008,0.0±0.0,0.145±0.145,0.0±0.0,0.001±0.001,0.016±0.015,0.0±0.0,0.496±0.473,187.70775744892103,12.390970259724693
2CXO J053514.8-052231,Seyfert_1,Orion_V*,2,0.0±0.0,0.0±0.0,0.29±0.29,0.072±0.072,0.1±0.1,0.0±0.0,0.037±0.037,0.052±0.051,0.0±0.0,0.448±0.448,83.81191997588695,-5.375398298435588
2CXO J053514.8-052222,Seyfert_1,Orion_V*,2,0.0±0.0,0.0±0.0,0.29±0.29,0.072±0.072,0.1±0.1,0.0±0.0,0.037±0.037,0.052±0.051,0.0±0.0,0.448±0.448,83.81169404934678,-5.373038205306885
2CXO J053514.7-052237,Seyfert_1,Orion_V*,2,0.0±0.0,0.0±0.0,0.29±0.29,0.072±0.072,0.1±0.1,0.0±0.0,0.037±0.037,0.052±0.051,0.0±0.0,0.448±0.448,83.81146822350001,-5.377197940299997
2CXO J053514.7-052229,Seyfert_1,Orion_V*,2,0.0±0.0,0.0±0.0,0.29±0.29,0.072±0.072,0.1±0.1,0.0±0.0,0.037±0.037,0.052±0.051,0.0±0.0,0.448±0.448,83.81133334796027,-5.374882573975404
2CXO J053514.6-052249,Seyfert_1,Orion_V*,2,0.0±0.0,0.0±0.0,0.29±0.29,0.072±0.072,0.1±0.1,0.0±0.0,0.037±0.037,0.052±0.051,0.0±0.0,0.448±0.448,83.81118819136395,-5.380343080105741
2CXO J053514.6-052233,Seyfert_1,Orion_V*,2,0.0±0.0,0.0±0.0,0.29±0.29,0.072±0.072,0.1±0.1,0.0±0.0,0.037±0.037,0.052±0.051,0.0±0.0,0.448±0.448,83.81103862882526,-5.375996747242916
2CXO J053514.4-052238,Seyfert_1,Orion_V*,2,0.0±0.0,0.0±0.0,0.29±0.29,0.072±0.072,0.1±0.1,0.0±0.0,0.037±0.037,0.052±0.051,0.0±0.0,0.448±0.448,83.81037804185041,-5.377361992813373
2CXO J053514.3-052235,Seyfert_1,Orion_V*,2,0.0±0.0,0.0±0.0,0.29±0.29,0.072±0.072,0.1±0.1,0.0±0.0,0.037±0.037,0.052±0.051,0.0±0.0,0.448±0.448,83.80981768947407,-5.3766369475098825
2CXO J053514.3-052230,Seyfert_1,Orion_V*,2,0.0±0.0,0.0±0.0,0.29±0.29,0.072±0.072,0.1±0.1,0.0±0.0,0.037±0.037,0.052±0.051,0.0±0.0,0.448±0.448,83.80995455370271,-5.375061406039158
2CXO J053513.9-052231,Seyfert_1,Orion_V*,2,0.0±0.0,0.0±0.0,0.29±0.29,0.072±0.072,0.1±0.1,0.0±0.0,0.037±0.037,0.052±0.051,0.0±0.0,0.448±0.448,83.80814984447125,-5.375470670026057
2CXO J123020.8+122248,QSO,AGN,2,0.447±0.447,0.498±0.498,0.053±0.053,0.002±0.002,0.0±0.0,0.0±0.0,0.0±0.0,0.0±0.0,0.0±0.0,0.0±0.0,187.58688793847463,12.380238844382957
2CXO J122946.7+080002,HMXB,YSO,2,0.0±0.0,0.0±0.0,0.0±0.0,0.0±0.0,0.5±0.5,0.0±0.0,0.0±0.0,0.5±0.5,0.0±0.0,0.0±0.0,187.444882623711,8.000622407998144
2CXO J122946.8+075958,Seyfert_1,YSO,2,0.159±0.159,0.001±0.001,0.237±0.237,0.0±0.0,0.0±0.0,0.044±0.044,0.0±0.0,0.5±0.5,0.0±0.0,0.06±0.06,187.44527539889955,7.999467521029515
2CXO J122947.8+075200,TTau*,QSO,2,0.499±0.499,0.0±0.0,0.0±0.0,0.001±0.001,0.0±0.0,0.0±0.0,0.0±0.0,0.01±0.01,0.485±0.485,0.005±0.005,187.44920902153365,7.866746151481122
2CXO J132500.6+301955,HMXB,Orion_V*,2,0.0±0.0,0.19±0.19,0.005±0.005,0.0±0.0,0.299±0.299,0.0±0.0,0.0±0.0,0.004±0.004,0.0±0.0,0.501±0.499,201.2527874138027,30.33211273968832
2CXO J122954.3+075612,HMXB,QSO,2,0.431±0.38,0.064±0.056,0.097±0.081,0.008±0.008,0.241±0.241,0.08±0.08,0.078±0.078,0.0±0.0,0.001±0.001,0.001±0.001,187.47631716913747,7.936735739470736
2CXO J132500.5-425159,Orion_V*,AGN,2,0.003±0.003,0.495±0.494,0.001±0.001,0.0±0.0,0.002±0.001,0.0±0.0,0.011±0.011,0.0±0.0,0.0±0.0,0.488±0.488,201.2521244318691,-42.8665147391445
2CXO J132457.4-430534,YSO,AGN,2,0.034±0.034,0.455±0.455,0.0±0.0,0.0±0.0,0.003±0.003,0.001±0.001,0.0±0.0,0.424±0.424,0.01±0.009,0.073±0.073,201.23920364739504,-43.09277792991665
2CXO J053515.5-052246,Seyfert_1,Orion_V*,2,0.0±0.0,0.0±0.0,0.29±0.29,0.072±0.072,0.1±0.1,0.0±0.0,0.037±0.037,0.052±0.051,0.0±0.0,0.448±0.448,83.8147243932404,-5.379496658011806
2CXO J053515.5-052218,Seyfert_1,Orion_V*,2,0.0±0.0,0.0±0.0,0.29±0.29,0.072±0.072,0.1±0.1,0.0±0.0,0.037±0.037,0.052±0.051,0.0±0.0,0.448±0.448,83.81488748448254,-5.3717745837167845
2CXO J180450.4-242043,Orion_V*,YSO,2,0.0±0.0,0.001±0.001,0.0±0.0,0.0±0.0,0.0±0.0,0.041±0.041,0.0±0.0,0.531±0.334,0.0±0.0,0.427±0.293,271.2100288563738,-24.34539192520185
2CXO J053513.8-052229,Seyfert_1,Orion_V*,2,0.0±0.0,0.0±0.0,0.29±0.29,0.072±0.072,0.1±0.1,0.0±0.0,0.037±0.037,0.052±0.051,0.0±0.0,0.448±0.448,83.80788849030239,-5.374901796363746
2CXO J053513.7-052217,Seyfert_1,Orion_V*,2,0.0±0.0,0.0±0.0,0.29±0.29,0.072±0.072,0.1±0.1,0.0±0.0,0.037±0.037,0.052±0.051,0.0±0.0,0.448±0.448,83.80734709196588,-5.371440370982506
2CXO J124000.0-113708,Seyfert_1,HMXB,2,0.018±0.013,0.107±0.086,0.257±0.185,0.079±0.022,0.278±0.044,0.099±0.06,0.16±0.037,0.001±0.001,0.0±0.0,0.0±0.0,190.000285810346,-11.619085679793104
2CXO J180946.7-233845,YSO,Orion_V*,2,0.0±0.0,0.0±0.0,0.0±0.0,0.0±0.0,0.0±0.0,0.0±0.0,0.0±0.0,0.462±0.462,0.0±0.0,0.538±0.462,272.44472557323775,-23.646065383362213
2CXO J052901.6-392921,QSO,Seyfert_2,2,0.396±0.393,0.17±0.025,0.015±0.001,0.408±0.408,0.008±0.007,0.0±0.0,0.001±0.0,0.0±0.0,0.0±0.0,0.0±0.0,82.25683516547161,-39.48943558362716
2CXO J053513.6-052230,Seyfert_1,Orion_V*,2,0.0±0.0,0.0±0.0,0.29±0.29,0.072±0.072,0.1±0.1,0.0±0.0,0.037±0.037,0.052±0.051,0.0±0.0,0.448±0.448,83.80704024444009,-5.37508897706319
2CXO J123617.4+255855,Orion_V*,QSO,2,0.398±0.346,0.056±0.049,0.124±0.124,0.01±0.01,0.092±0.092,0.0±0.0,0.0±0.0,0.095±0.095,0.002±0.002,0.222±0.222,189.07250810458947,25.982057323519005
2CXO J123513.0+620805,AGN,QSO,2,0.393±0.323,0.336±0.335,0.263±0.021,0.002±0.002,0.006±0.006,0.0±0.0,0.0±0.0,0.0±0.0,0.0±0.0,0.0±0.0,188.80445684581912,62.13473137146427
2CXO J053457.5-052346,YSO,Orion_V*,2,0.0±0.0,0.0±0.0,0.0±0.0,0.0±0.0,0.0±0.0,0.0±0.0,0.0±0.0,0.49±0.14,0.011±0.01,0.499±0.15,83.7396162919,-5.396208928700002
2CXO J180629.1+454659,QSO,AGN,2,0.46±0.457,0.539±0.458,0.001±0.001,0.0±0.0,0.0±0.0,0.0±0.0,0.0±0.0,0.0±0.0,0.0±0.0,0.0±0.0,271.62127805980344,45.78329282960831
2CXO J123551.6+621757,Seyfert_1,HMXB,2,0.106±0.084,0.271±0.109,0.13±0.128,0.065±0.065,0.272±0.212,0.103±0.004,0.049±0.049,0.0±0.0,0.003±0.001,0.0±0.0,188.96540491992403,62.29928161632285
2CXO J123044.2+122134,QSO,Seyfert_1,2,0.353±0.084,0.202±0.126,0.436±0.208,0.0±0.0,0.001±0.001,0.0±0.0,0.007±0.004,0.0±0.0,0.001±0.001,0.0±0.0,187.68440141952283,12.359586057306757
2CXO J133652.3-295046,HMXB,LMXB,2,0.001±0.0,0.039±0.038,0.044±0.043,0.069±0.069,0.235±0.106,0.509±0.217,0.103±0.046,0.0±0.0,0.0±0.0,0.0±0.0,204.21808870223072,-29.846257061207087
2CXO J095934.4+020627,Seyfert_1,XB,2,0.078±0.019,0.171±0.057,0.17±0.117,0.088±0.058,0.135±0.064,0.166±0.043,0.192±0.009,0.0±0.0,0.0±0.0,0.0±0.0,149.893495560362,2.1075866044180693
2CXO J095816.1-110439,AGN,Orion_V*,2,0.115±0.11,0.276±0.111,0.026±0.026,0.016±0.013,0.146±0.062,0.068±0.014,0.016±0.001,0.031±0.031,0.02±0.02,0.286±0.286,149.56719769622725,-11.077505840853192
2CXO J160834.3-390619,YSO,Orion_V*,2,0.0±0.0,0.0±0.0,0.0±0.0,0.0±0.0,0.0±0.0,0.0±0.0,0.0±0.0,0.397±0.396,0.05±0.041,0.553±0.437,242.1432909310916,-39.10532508438307
2CXO J095601.7+694308,LMXB,HMXB,2,0.026±0.026,0.201±0.2,0.0±0.0,0.004±0.004,0.414±0.387,0.309±0.213,0.046±0.046,0.0±0.0,0.0±0.0,0.0±0.0,149.00723387644484,69.7191311724322
2CXO J095550.7+694034,Orion_V*,QSO,2,0.5±0.5,0.0±0.0,0.0±0.0,0.0±0.0,0.009±0.009,0.0±0.0,0.0±0.0,0.158±0.158,0.0±0.0,0.333±0.333,148.96145220142944,69.67637295762545
2CXO J145307.1+580205,HMXB,AGN,2,0.046±0.028,0.466±0.211,0.051±0.05,0.003±0.0,0.307±0.179,0.025±0.018,0.062±0.052,0.002±0.002,0.024±0.024,0.013±0.013,223.27988556678795,58.034913267052175
2CXO J095549.8+694524,AGN,HMXB,2,0.066±0.063,0.333±0.186,0.009±0.009,0.01±0.01,0.415±0.242,0.133±0.066,0.034±0.034,0.0±0.0,0.0±0.0,0.0±0.0,148.95783565925603,69.75681419635526
2CXO J104646.6+123357,Seyfert_1,QSO,2,0.445±0.013,0.157±0.109,0.368±0.134,0.017±0.0,0.013±0.013,0.0±0.0,0.0±0.0,0.0±0.0,0.0±0.0,0.0±0.0,161.69448452709912,12.566088693548874
2CXO J104642.3-600904,Orion_V*,TTau*,2,0.0±0.0,0.001±0.0,0.0±0.0,0.001±0.001,0.143±0.135,0.003±0.003,0.0±0.0,0.119±0.029,0.448±0.361,0.285±0.194,161.67644808442094,-60.15115880045331
2CXO J100843.0+115100,LMXB,QSO,2,0.344±0.344,0.119±0.115,0.036±0.033,0.007±0.004,0.107±0.102,0.315±0.315,0.072±0.072,0.0±0.0,0.0±0.0,0.0±0.0,152.179190044341,11.85007595190956
2CXO J100633.9-295617,YSO,HMXB,2,0.0±0.0,0.0±0.0,0.0±0.0,0.0±0.0,0.595±0.27,0.013±0.005,0.0±0.0,0.343±0.261,0.0±0.0,0.048±0.015,151.64155105190514,-29.93808599687345
2CXO J104555.7-595952,Orion_V*,YSO,2,0.0±0.0,0.0±0.0,0.0±0.0,0.0±0.0,0.0±0.0,0.0±0.0,0.0±0.0,0.695±0.305,0.0±0.0,0.305±0.305,161.4824805124897,-59.9978673037858
2CXO J100514.6-074313,HMXB,AGN,2,0.02±0.011,0.241±0.156,0.016±0.004,0.127±0.109,0.195±0.06,0.214±0.009,0.185±0.015,0.0±0.0,0.002±0.002,0.0±0.0,151.3112158536186,-7.720370388062093
2CXO J142849.7-624149,LMXB,YSO,2,0.0±0.0,0.0±0.0,0.0±0.0,0.0±0.0,0.0±0.0,0.43±0.43,0.0±0.0,0.555±0.445,0.002±0.002,0.013±0.013,217.20733540133932,-62.69719118109312
2CXO J162348.3-273508,TTau*,HMXB,2,0.066±0.066,0.032±0.017,0.004±0.004,0.026±0.026,0.472±0.167,0.059±0.054,0.09±0.082,0.001±0.001,0.243±0.243,0.007±0.007,245.951459865709,-27.585671002116147
2CXO J163227.0+052029,QSO,Seyfert_2,2,0.238±0.238,0.141±0.141,0.174±0.048,0.306±0.304,0.076±0.037,0.001±0.001,0.0±0.0,0.002±0.002,0.049±0.049,0.013±0.013,248.1125083435292,5.3415427595757
2CXO J162056.9-502452,LMXB,YSO,2,0.0±0.0,0.232±0.13,0.0±0.0,0.001±0.0,0.01±0.009,0.343±0.26,0.0±0.0,0.369±0.359,0.0±0.0,0.044±0.041,245.2374019208653,-50.41452905384177
2CXO J095531.4+690419,QSO,LMXB,2,0.259±0.259,0.181±0.051,0.023±0.023,0.0±0.0,0.107±0.093,0.414±0.413,0.002±0.002,0.015±0.015,0.0±0.0,0.0±0.0,148.88094444837247,69.07222020628387
2CXO J095531.2+690418,QSO,LMXB,2,0.259±0.259,0.181±0.051,0.023±0.023,0.0±0.0,0.107±0.093,0.414±0.413,0.002±0.002,0.015±0.015,0.0±0.0,0.0±0.0,148.8800917323,69.0718971206
2CXO J095509.5+174122,TTau*,AGN,2,0.086±0.081,0.404±0.25,0.027±0.027,0.0±0.0,0.061±0.058,0.008±0.005,0.004±0.001,0.002±0.002,0.402±0.402,0.005±0.005,148.78969402719088,17.689694530393485
2CXO J095456.7+174329,Seyfert_2,Seyfert_1,2,0.007±0.006,0.133±0.132,0.378±0.306,0.272±0.272,0.026±0.004,0.01±0.01,0.174±0.166,0.0±0.0,0.0±0.0,0.0±0.0,148.7366030949927,17.72497049675146
2CXO J110701.9-053221,TTau*,QSO,2,0.344±0.335,0.159±0.14,0.011±0.011,0.0±0.0,0.0±0.0,0.0±0.0,0.0±0.0,0.041±0.041,0.274±0.274,0.171±0.171,166.7583152563027,-5.5393061424066845
2CXO J094712.7+762313,Seyfert_1,Seyfert_2,2,0.002±0.002,0.099±0.099,0.376±0.376,0.52±0.478,0.002±0.002,0.001±0.001,0.001±0.001,0.0±0.0,0.0±0.0,0.0±0.0,146.80327481992856,76.38710111294482
2CXO J101812.9-585930,AGN,YSO,2,0.0±0.0,0.244±0.244,0.167±0.167,0.0±0.0,0.006±0.0,0.085±0.085,0.0±0.0,0.496±0.496,0.0±0.0,0.0±0.0,154.55382394102412,-58.99181772479543
2CXO J155055.8-562833,LMXB,HMXB,2,0.002±0.002,0.024±0.023,0.003±0.003,0.0±0.0,0.485±0.156,0.472±0.173,0.0±0.0,0.012±0.012,0.0±0.0,0.0±0.0,237.73286620351007,-56.47601513889939
2CXO J150332.6-413536,Seyfert_1,QSO,2,0.505±0.066,0.062±0.029,0.385±0.133,0.005±0.005,0.016±0.016,0.0±0.0,0.0±0.0,0.02±0.02,0.006±0.006,0.001±0.001,225.88587905769865,-41.59358816405578
2CXO J151353.1-590009,LMXB,YSO,2,0.0±0.0,0.0±0.0,0.0±0.0,0.0±0.0,0.0±0.0,0.5±0.5,0.0±0.0,0.5±0.5,0.0±0.0,0.0±0.0,228.4712963102827,-59.00253474401646
2CXO J150207.0-415126,LMXB,HMXB,2,0.0±0.0,0.003±0.003,0.002±0.002,0.0±0.0,0.496±0.492,0.392±0.383,0.0±0.0,0.031±0.031,0.0±0.0,0.077±0.076,225.5292457143076,-41.85728558011158
2CXO J104350.4+113737,Seyfert_1,HMXB,2,0.026±0.023,0.09±0.004,0.342±0.335,0.092±0.092,0.425±0.421,0.025±0.025,0.001±0.0,0.0±0.0,0.0±0.0,0.0±0.0,160.96012078566662,11.627082008225164
2CXO J104402.9-593354,LMXB,YSO,2,0.0±0.0,0.0±0.0,0.0±0.0,0.0±0.0,0.041±0.038,0.436±0.436,0.0±0.0,0.512±0.409,0.003±0.003,0.007±0.007,161.01247060433604,-59.56520053034912
2CXO J151026.7+332225,XB,AGN,2,0.078±0.067,0.3±0.133,0.016±0.016,0.169±0.169,0.171±0.072,0.032±0.032,0.179±0.171,0.017±0.017,0.001±0.001,0.038±0.038,227.6115951269794,33.373779403594185
2CXO J104410.1-593550,Orion_V*,Seyfert_2,2,0.0±0.0,0.0±0.0,0.0±0.0,0.494±0.485,0.004±0.003,0.0±0.0,0.0±0.0,0.087±0.086,0.097±0.093,0.318±0.309,161.04220573044643,-59.59748421751216
2CXO J104410.2-593554,Orion_V*,Seyfert_2,2,0.0±0.0,0.0±0.0,0.0±0.0,0.494±0.485,0.004±0.003,0.0±0.0,0.0±0.0,0.087±0.086,0.097±0.093,0.318±0.309,161.04261543120822,-59.59845208756939
2CXO J151013.4+332444,Seyfert_2,QSO,2,0.307±0.306,0.215±0.138,0.17±0.144,0.205±0.205,0.003±0.003,0.0±0.0,0.001±0.001,0.0±0.0,0.0±0.0,0.099±0.099,227.5560533780349,33.412249979527935
2CXO J150957.5+332919,Seyfert_2,XB,2,0.006±0.002,0.178±0.022,0.042±0.037,0.197±0.124,0.157±0.001,0.181±0.176,0.235±0.043,0.0±0.0,0.002±0.002,0.0±0.0,227.4897630452636,33.488763478102705
2CXO J104044.5+395709,Seyfert_2,Orion_V*,2,0.086±0.021,0.103±0.1,0.007±0.004,0.192±0.177,0.241±0.097,0.028±0.028,0.057±0.057,0.016±0.014,0.016±0.016,0.253±0.084,160.18570554519306,39.95266275886386
2CXO J103909.9-594715,TTau*,HMXB,2,0.0±0.0,0.0±0.0,0.0±0.0,0.0±0.0,0.497±0.497,0.0±0.0,0.0±0.0,0.196±0.19,0.304±0.304,0.003±0.003,159.79128544468244,-59.78754750825844
2CXO J103141.0+350615,Seyfert_1,QSO,2,0.544±0.284,0.07±0.018,0.164±0.132,0.092±0.092,0.04±0.008,0.029±0.027,0.061±0.06,0.0±0.0,0.0±0.0,0.0±0.0,157.92108512826462,35.10433629365516
2CXO J103133.8+345000,AGN,Seyfert_1,2,0.167±0.165,0.306±0.305,0.512±0.485,0.0±0.0,0.012±0.012,0.004±0.004,0.0±0.0,0.0±0.0,0.0±0.0,0.0±0.0,157.89096373019152,34.83347344785577
2CXO J150118.4+013836,LMXB,HMXB,2,0.0±0.0,0.042±0.038,0.0±0.0,0.013±0.011,0.466±0.388,0.274±0.253,0.192±0.175,0.011±0.011,0.0±0.0,0.002±0.002,225.32675179270632,1.6435703007823967
2CXO J154958.4+624121,HMXB,Seyfert_1,2,0.042±0.019,0.063±0.001,0.452±0.315,0.0±0.0,0.428±0.336,0.015±0.001,0.0±0.0,0.0±0.0,0.0±0.0,0.001±0.0,237.49335760757924,62.68935910073393
2CXO J155029.7+624840,LMXB,HMXB,2,0.0±0.0,0.0±0.0,0.0±0.0,0.0±0.0,0.504±0.496,0.412±0.412,0.0±0.0,0.08±0.08,0.0±0.0,0.004±0.004,237.6239212419109,62.81112012005684
2CXO J150146.2+014614,QSO,AGN,2,0.231±0.214,0.619±0.329,0.131±0.12,0.0±0.0,0.013±0.011,0.001±0.0,0.004±0.004,0.0±0.0,0.001±0.001,0.0±0.0,225.4426597722416,1.7705930578295463
2CXO J151630.7+071540,AGN,QSO,2,0.331±0.31,0.264±0.236,0.169±0.161,0.009±0.009,0.222±0.222,0.0±0.0,0.0±0.0,0.0±0.0,0.0±0.0,0.004±0.004,229.12814712777617,7.261215252901021
2CXO J163935.5+464933,Seyfert_2,HMXB,2,0.0±0.0,0.004±0.004,0.002±0.0,0.175±0.175,0.36±0.05,0.287±0.284,0.172±0.163,0.0±0.0,0.0±0.0,0.0±0.0,249.89797443286648,46.8259281784522
2CXO J091822.3-120439,HMXB,LMXB,2,0.0±0.0,0.0±0.0,0.0±0.0,0.0±0.0,0.366±0.365,0.578±0.397,0.0±0.0,0.029±0.02,0.023±0.009,0.004±0.004,139.59306347751055,-12.077636129867903
2CXO J091722.9+415957,YSO,TTau*,2,0.0±0.0,0.0±0.0,0.0±0.0,0.0±0.0,0.0±0.0,0.01±0.01,0.0±0.0,0.252±0.233,0.556±0.405,0.182±0.163,139.34562992131328,41.99918069399885
2CXO J134147.6+261319,QSO,Seyfert_1,2,0.45±0.103,0.042±0.027,0.484±0.153,0.015±0.015,0.007±0.007,0.0±0.0,0.002±0.001,0.0±0.0,0.0±0.0,0.0±0.0,205.44839643270325,26.22217942199461
2CXO J173043.3-213220,LMXB,HMXB,2,0.012±0.012,0.008±0.008,0.0±0.0,0.0±0.0,0.505±0.142,0.231±0.224,0.0±0.0,0.052±0.043,0.0±0.0,0.192±0.12,262.68048832036834,-21.53905060907701
2CXO J114655.0+471833,Seyfert_2,HMXB,2,0.001±0.0,0.12±0.057,0.001±0.0,0.305±0.162,0.306±0.0,0.207±0.19,0.054±0.031,0.001±0.0,0.003±0.001,0.0±0.0,176.72925250024105,47.30944388647799
2CXO J134715.3+172725,TTau*,YSO,2,0.0±0.0,0.0±0.0,0.0±0.0,0.0±0.0,0.0±0.0,0.003±0.003,0.0±0.0,0.457±0.456,0.263±0.258,0.277±0.202,206.81399444894063,17.457091263616753
2CXO J065514.7+540857,Seyfert_2,AGN,2,0.0±0.0,0.566±0.434,0.001±0.001,0.433±0.433,0.0±0.0,0.0±0.0,0.0±0.0,0.0±0.0,0.0±0.0,0.0±0.0,103.81130255963666,54.14931267155463
2CXO J114602.0+474342,Seyfert_1,QSO,2,0.518±0.101,0.015±0.013,0.466±0.089,0.001±0.001,0.0±0.0,0.0±0.0,0.0±0.0,0.0±0.0,0.0±0.0,0.0±0.0,176.5087419874443,47.72860629242039
2CXO J065853.5-560048,Orion_V*,XB,2,0.001±0.001,0.003±0.003,0.002±0.002,0.0±0.0,0.052±0.052,0.002±0.002,0.499±0.497,0.105±0.105,0.151±0.151,0.186±0.186,104.7230455338618,-56.01337725845188
2CXO J071721.6+372521,YSO,LMXB,2,0.013±0.013,0.0±0.0,0.0±0.0,0.0±0.0,0.111±0.063,0.4±0.4,0.0±0.0,0.365±0.365,0.001±0.001,0.109±0.109,109.34035624519332,37.42272287426899
2CXO J140228.7+541618,TTau*,Orion_V*,2,0.0±0.0,0.0±0.0,0.0±0.0,0.0±0.0,0.011±0.007,0.0±0.0,0.0±0.0,0.205±0.021,0.311±0.244,0.473±0.258,210.61974127977032,54.27178444049297
2CXO J112829.5+583202,AGN,Seyfert_2,2,0.0±0.0,0.356±0.194,0.002±0.002,0.641±0.197,0.0±0.0,0.0±0.0,0.0±0.0,0.0±0.0,0.0±0.0,0.0±0.0,172.12297758715056,58.534101577512274
2CXO J112830.4+583346,HMXB,AGN,2,0.008±0.006,0.333±0.309,0.004±0.004,0.001±0.001,0.256±0.166,0.168±0.157,0.102±0.099,0.031±0.024,0.042±0.034,0.055±0.054,172.12695284036965,58.56281263096327
2CXO J113147.0-301235,HMXB,LMXB,2,0.0±0.0,0.02±0.015,0.002±0.002,0.042±0.033,0.385±0.062,0.484±0.168,0.067±0.059,0.0±0.0,0.0±0.0,0.0±0.0,172.94602990242686,-30.209736443476302
2CXO J065922.0-555014,QSO,HMXB,2,0.311±0.311,0.167±0.167,0.02±0.02,0.0±0.0,0.5±0.5,0.0±0.0,0.0±0.0,0.0±0.0,0.001±0.001,0.0±0.0,104.841933874088,-55.83743024699593
2CXO J114435.6+195029,Seyfert_1,QSO,2,0.396±0.279,0.029±0.029,0.383±0.132,0.0±0.0,0.182±0.182,0.0±0.0,0.0±0.0,0.002±0.002,0.008±0.008,0.0±0.0,176.1484003016816,19.84143415525718
2CXO J173933.1-534647,AGN,TTau*,2,0.133±0.133,0.302±0.302,0.004±0.003,0.0±0.0,0.003±0.002,0.002±0.002,0.059±0.059,0.005±0.005,0.421±0.42,0.073±0.072,264.8883157038704,-53.77995051063357
2CXO J133224.9+503510,XB,Seyfert_1,2,0.036±0.018,0.017±0.004,0.571±0.367,0.002±0.0,0.023±0.017,0.131±0.121,0.218±0.217,0.0±0.0,0.002±0.002,0.0±0.0,203.1038260786709,50.58613691206713
2CXO J174030.9-534752,HMXB,Seyfert_1,2,0.039±0.011,0.145±0.134,0.472±0.472,0.0±0.0,0.312±0.312,0.004±0.003,0.02±0.02,0.0±0.0,0.008±0.008,0.0±0.0,265.1288036937209,-53.79796843956393
2CXO J121533.1-652930,TTau*,YSO,2,0.0±0.0,0.0±0.0,0.0±0.0,0.0±0.0,0.0±0.0,0.005±0.005,0.0±0.0,0.554±0.087,0.315±0.218,0.126±0.126,183.88793247466003,-65.49190382253748
2CXO J120207.7-185250,Orion_V*,YSO,2,0.0±0.0,0.0±0.0,0.0±0.0,0.0±0.0,0.021±0.021,0.001±0.001,0.0±0.0,0.588±0.412,0.0±0.0,0.39±0.39,180.53222261385747,-18.88078019955794
2CXO J120212.3-190029,AGN,QSO,2,0.598±0.337,0.279±0.247,0.018±0.014,0.0±0.0,0.011±0.011,0.092±0.092,0.0±0.0,0.0±0.0,0.001±0.001,0.0±0.0,180.5514023544833,-19.008135396527223
2CXO J120214.3-185927,Seyfert_1,QSO,2,0.661±0.318,0.012±0.01,0.327±0.327,0.0±0.0,0.0±0.0,0.0±0.0,0.0±0.0,0.0±0.0,0.0±0.0,0.0±0.0,180.55976823593903,-18.990870617604177
2CXO J120246.4-185854,XB,AGN,2,0.08±0.073,0.369±0.081,0.015±0.015,0.0±0.0,0.25±0.227,0.026±0.02,0.261±0.253,0.0±0.0,0.0±0.0,0.0±0.0,180.69373205574152,-18.98185177809198
2CXO J065038.4+413257,LMXB,AGN,2,0.146±0.146,0.357±0.08,0.001±0.001,0.003±0.003,0.125±0.013,0.356±0.041,0.012±0.01,0.0±0.0,0.0±0.0,0.0±0.0,102.66012422885518,41.54916922483255
2CXO J065034.1+411659,HMXB,YSO,2,0.0±0.0,0.097±0.097,0.0±0.0,0.005±0.005,0.373±0.373,0.001±0.001,0.006±0.006,0.442±0.432,0.003±0.003,0.073±0.053,102.6421099440106,41.2831295690288
2CXO J133641.0-295110,HMXB,TTau*,2,0.0±0.0,0.0±0.0,0.0±0.0,0.001±0.001,0.418±0.41,0.0±0.0,0.007±0.007,0.016±0.008,0.49±0.484,0.069±0.058,204.17101251656368,-29.85296251249105
2CXO J133629.0-295539,AGN,HMXB,2,0.041±0.041,0.404±0.404,0.054±0.054,0.0±0.0,0.489±0.488,0.0±0.0,0.0±0.0,0.005±0.005,0.0±0.0,0.006±0.006,204.12084123095823,-29.927621186885283
2CXO J112443.8-592203,HMXB,LMXB,2,0.0±0.0,0.029±0.027,0.009±0.009,0.146±0.146,0.268±0.226,0.382±0.253,0.0±0.0,0.165±0.155,0.0±0.0,0.001±0.0,171.18259626497922,-59.36758691296831
2CXO J091722.7+420000,YSO,TTau*,2,0.0±0.0,0.0±0.0,0.0±0.0,0.0±0.0,0.0±0.0,0.01±0.01,0.0±0.0,0.252±0.233,0.556±0.405,0.182±0.163,139.3449100009733,42.00010429580137
2CXO J085347.3+512911,Seyfert_1,QSO,2,0.491±0.491,0.007±0.007,0.417±0.413,0.083±0.083,0.001±0.001,0.0±0.0,0.0±0.0,0.0±0.0,0.0±0.0,0.0±0.0,133.44715982174955,51.48658591381929
2CXO J170035.3-461454,TTau*,Orion_V*,2,0.0±0.0,0.0±0.0,0.0±0.0,0.0±0.0,0.088±0.088,0.0±0.0,0.0±0.0,0.146±0.054,0.334±0.333,0.431±0.368,255.14733029359536,-46.24843558707274
2CXO J084955.2-454612,YSO,LMXB,2,0.0±0.0,0.0±0.0,0.0±0.0,0.0±0.0,0.172±0.172,0.5±0.5,0.0±0.0,0.189±0.189,0.096±0.096,0.043±0.043,132.4802293603542,-45.77022505807252
2CXO J170147.8-295447,AGN,HMXB,2,0.064±0.034,0.205±0.114,0.2±0.1,0.095±0.095,0.397±0.342,0.02±0.011,0.02±0.01,0.0±0.0,0.0±0.0,0.0±0.0,255.44950289531403,-29.913241107281458
2CXO J170210.7-301425,HMXB,YSO,2,0.0±0.0,0.003±0.003,0.0±0.0,0.0±0.0,0.214±0.214,0.009±0.008,0.0±0.0,0.469±0.173,0.001±0.001,0.304±0.053,255.54471290677657,-30.240397416270795
2CXO J084207.5+322645,Seyfert_2,Seyfert_1,2,0.149±0.117,0.196±0.137,0.326±0.107,0.238±0.237,0.026±0.025,0.017±0.017,0.046±0.046,0.0±0.0,0.003±0.003,0.0±0.0,130.53147459300567,32.446029433336925
2CXO J084200.0-173027,Seyfert_1,QSO,2,0.532±0.297,0.172±0.008,0.285±0.28,0.0±0.0,0.008±0.008,0.001±0.001,0.002±0.002,0.0±0.0,0.0±0.0,0.001±0.001,130.50035654050748,-17.507731524894773
2CXO J170341.9-223829,YSO,AGN,2,0.0±0.0,0.5±0.5,0.0±0.0,0.0±0.0,0.0±0.0,0.0±0.0,0.0±0.0,0.499±0.499,0.0±0.0,0.001±0.001,255.9247303351466,-22.64150660636626
2CXO J084052.0+295746,Seyfert_1,YSO,2,0.155±0.155,0.072±0.072,0.182±0.182,0.084±0.084,0.005±0.005,0.0±0.0,0.0±0.0,0.466±0.466,0.003±0.003,0.03±0.03,130.2169025584804,29.962805353911683
2CXO J111443.9-610838,YSO,TTau*,2,0.0±0.0,0.0±0.0,0.0±0.0,0.0±0.0,0.001±0.001,0.0±0.0,0.0±0.0,0.396±0.189,0.594±0.179,0.009±0.009,168.68318450720335,-61.14416405232664
2CXO J165425.9-414955,LMXB,HMXB,2,0.0±0.0,0.0±0.0,0.0±0.0,0.0±0.0,0.653±0.272,0.347±0.272,0.0±0.0,0.0±0.0,0.0±0.0,0.0±0.0,253.608245589074,-41.83214881049584
2CXO J164132.7+364200,QSO,HMXB,2,0.353±0.307,0.121±0.02,0.091±0.089,0.01±0.009,0.425±0.425,0.0±0.0,0.0±0.0,0.0±0.0,0.0±0.0,0.0±0.0,250.3865884608948,36.70013391734009
2CXO J142040.4+414404,QSO,Seyfert_1,2,0.236±0.236,0.002±0.002,0.702±0.28,0.008±0.008,0.001±0.001,0.0±0.0,0.0±0.0,0.052±0.052,0.0±0.0,0.0±0.0,215.1683838078204,41.73451425819216
2CXO J141944.6+524626,QSO,AGN,2,0.297±0.297,0.52±0.463,0.167±0.149,0.016±0.016,0.001±0.001,0.0±0.0,0.0±0.0,0.0±0.0,0.0±0.0,0.0±0.0,214.9362266873632,52.77405419829442
2CXO J165117.9+051107,QSO,XB,2,0.232±0.228,0.011±0.009,0.068±0.064,0.036±0.036,0.105±0.103,0.111±0.007,0.437±0.376,0.0±0.0,0.0±0.0,0.001±0.001,252.82496829814363,5.185513746857061
2CXO J165122.8+045555,QSO,AGN,2,0.293±0.265,0.64±0.329,0.004±0.002,0.016±0.016,0.031±0.031,0.0±0.0,0.015±0.015,0.0±0.0,0.0±0.0,0.0±0.0,252.84501370463408,4.931945934768045
2CXO J141943.8+524618,QSO,AGN,2,0.297±0.297,0.52±0.463,0.167±0.149,0.016±0.016,0.001±0.001,0.0±0.0,0.0±0.0,0.0±0.0,0.0±0.0,0.0±0.0,214.93284726469776,52.77178183488779
2CXO J090506.4-322140,QSO,AGN,2,0.199±0.114,0.459±0.285,0.13±0.109,0.0±0.0,0.047±0.023,0.065±0.047,0.09±0.002,0.002±0.001,0.004±0.004,0.005±0.005,136.27706825261737,-32.36132275734375
2CXO J084029.7+295949,AGN,Seyfert_1,2,0.017±0.016,0.295±0.295,0.513±0.482,0.002±0.002,0.173±0.173,0.0±0.0,0.0±0.0,0.0±0.0,0.0±0.0,0.0±0.0,130.12397949707508,29.99702968048956
2CXO J083934.4+295526,AGN,QSO,2,0.56±0.285,0.334±0.246,0.031±0.022,0.001±0.001,0.029±0.029,0.004±0.004,0.01±0.01,0.0±0.0,0.029±0.029,0.0±0.0,129.89374690679517,29.924006849354505
2CXO J111914.2-612749,Orion_V*,LMXB,2,0.0±0.0,0.0±0.0,0.0±0.0,0.0±0.0,0.0±0.0,0.51±0.49,0.0±0.0,0.0±0.0,0.0±0.0,0.49±0.49,169.80948374622176,-61.46366739177604
2CXO J140659.0+341446,Seyfert_1,QSO,2,0.461±0.253,0.08±0.07,0.349±0.226,0.107±0.099,0.002±0.002,0.0±0.0,0.0±0.0,0.0±0.0,0.0±0.0,0.0±0.0,211.7461202237716,34.2461633329168
2CXO J140321.6-335911,QSO,Seyfert_1,2,0.408±0.251,0.064±0.051,0.516±0.305,0.001±0.001,0.006±0.006,0.0±0.0,0.001±0.0,0.0±0.0,0.0±0.0,0.004±0.004,210.84023319173664,-33.986600546084134
2CXO J112428.9-592128,QSO,HMXB,2,0.197±0.197,0.168±0.168,0.034±0.034,0.014±0.014,0.297±0.18,0.028±0.028,0.0±0.0,0.017±0.017,0.245±0.245,0.0±0.0,171.12067297329995,-59.3577880542
2CXO J111459.4-611433,LMXB,YSO,2,0.0±0.0,0.0±0.0,0.0±0.0,0.0±0.0,0.009±0.008,0.306±0.157,0.0±0.0,0.411±0.336,0.0±0.0,0.274±0.171,168.74786846704626,-61.24276140577795
2CXO J111607.3+013512,HMXB,YSO,2,0.0±0.0,0.0±0.0,0.0±0.0,0.0±0.0,0.304±0.304,0.0±0.0,0.0±0.0,0.588±0.211,0.0±0.0,0.108±0.093,169.03064946603604,1.5868020395588258
2CXO J141529.1+361259,LMXB,Seyfert_2,2,0.002±0.002,0.026±0.005,0.002±0.002,0.425±0.425,0.267±0.162,0.26±0.237,0.0±0.0,0.014±0.013,0.0±0.0,0.005±0.005,213.8715111273666,36.216601441998826
2CXO J141527.0+360635,Seyfert_1,QSO,2,0.404±0.003,0.132±0.016,0.288±0.154,0.011±0.01,0.028±0.022,0.031±0.028,0.107±0.094,0.0±0.0,0.0±0.0,0.0±0.0,213.8628107208941,36.109842281937205
2CXO J171648.2-624923,XB,HMXB,2,0.008±0.007,0.11±0.086,0.001±0.001,0.008±0.008,0.477±0.394,0.13±0.089,0.203±0.202,0.031±0.021,0.004±0.004,0.03±0.018,259.20096731768217,-62.823267232638365
2CXO J141433.0-653030,XB,LMXB,2,0.0±0.0,0.0±0.0,0.0±0.0,0.0±0.0,0.0±0.0,0.5±0.5,0.5±0.5,0.0±0.0,0.0±0.0,0.0±0.0,213.6376916947684,-65.50833401472201
2CXO J172031.9-355357,YSO,HMXB,2,0.0±0.0,0.001±0.001,0.0±0.0,0.0±0.0,0.531±0.399,0.001±0.001,0.0±0.0,0.188±0.136,0.144±0.144,0.135±0.12,260.13332528829164,-35.89921521781429
2CXO J191101.5+085247,YSO,Orion_V*,2,0.0±0.0,0.0±0.0,0.0±0.0,0.0±0.0,0.0±0.0,0.0±0.0,0.0±0.0,0.456±0.453,0.0±0.0,0.544±0.453,287.75642326271145,8.879861954146373
2CXO J004240.7+405117,TTau*,YSO,2,0.0±0.0,0.0±0.0,0.0±0.0,0.0±0.0,0.0±0.0,0.021±0.021,0.0±0.0,0.5±0.456,0.427±0.426,0.052±0.05,10.669728555291158,40.8547374339396
2CXO J033207.9-273732,LMXB,AGN,2,0.0±0.0,0.518±0.277,0.0±0.0,0.0±0.0,0.029±0.02,0.287±0.287,0.0±0.0,0.121±0.033,0.0±0.0,0.046±0.042,53.03315580900215,-27.625689403510624
2CXO J010300.4-491709,Seyfert_2,AGN,2,0.027±0.019,0.579±0.412,0.012±0.012,0.197±0.197,0.041±0.04,0.027±0.027,0.117±0.117,0.0±0.0,0.0±0.0,0.0±0.0,15.75167546855124,-49.28586549284664
2CXO J230744.9-223808,Seyfert_1,QSO,2,0.714±0.286,0.009±0.009,0.252±0.252,0.024±0.024,0.0±0.0,0.0±0.0,0.0±0.0,0.0±0.0,0.0±0.0,0.0±0.0,346.9372944183432,-22.635643068525773
2CXO J004245.2+411722,XB,HMXB,2,0.087±0.025,0.097±0.071,0.06±0.049,0.013±0.011,0.459±0.252,0.087±0.029,0.194±0.177,0.001±0.001,0.0±0.0,0.002±0.002,10.688401214762791,41.28951764650566
2CXO J201359.4-564810,HMXB,AGN,2,0.007±0.006,0.504±0.483,0.0±0.0,0.0±0.0,0.195±0.195,0.134±0.134,0.003±0.003,0.038±0.038,0.104±0.104,0.016±0.016,303.49768051816227,-56.80287269380855
2CXO J201358.4-565137,LMXB,HMXB,2,0.026±0.022,0.16±0.063,0.08±0.08,0.017±0.016,0.401±0.19,0.166±0.119,0.136±0.033,0.004±0.004,0.005±0.005,0.006±0.006,303.4933634538587,-56.8604550136432
2CXO J004242.0+411532,AGN,QSO,2,0.497±0.497,0.497±0.497,0.0±0.0,0.0±0.0,0.003±0.003,0.0±0.0,0.0±0.0,0.0±0.0,0.0±0.0,0.003±0.003,10.675351848383968,41.25890459536686
2CXO J010257.4-215845,Seyfert_1,TTau*,2,0.002±0.002,0.0±0.0,0.444±0.444,0.0±0.0,0.0±0.0,0.0±0.0,0.0±0.0,0.0±0.0,0.554±0.446,0.0±0.0,15.739489211413968,-21.97943657672732
2CXO J004233.2+410329,TTau*,AGN,2,0.019±0.019,0.22±0.22,0.093±0.093,0.062±0.062,0.023±0.007,0.053±0.053,0.038±0.038,0.131±0.131,0.204±0.204,0.157±0.157,10.638352188305872,41.058198798120046
2CXO J033601.8-360240,LMXB,AGN,2,0.007±0.007,0.459±0.385,0.02±0.019,0.003±0.002,0.156±0.127,0.325±0.27,0.026±0.019,0.001±0.001,0.002±0.001,0.001±0.001,54.00769355076716,-36.044551710729394
2CXO J231144.8-214027,HMXB,YSO,2,0.004±0.004,0.12±0.12,0.006±0.006,0.036±0.036,0.185±0.142,0.155±0.155,0.016±0.016,0.352±0.352,0.02±0.02,0.107±0.107,347.936969124978,-21.67432801327828
2CXO J004215.4+412031,QSO,AGN,2,0.236±0.176,0.593±0.339,0.055±0.049,0.007±0.007,0.02±0.018,0.058±0.058,0.029±0.028,0.0±0.0,0.001±0.001,0.0±0.0,10.564574198053776,41.34207530015663
2CXO J201642.7-704752,Seyfert_2,HMXB,2,0.0±0.0,0.005±0.001,0.0±0.0,0.304±0.303,0.5±0.449,0.078±0.053,0.114±0.092,0.0±0.0,0.0±0.0,0.0±0.0,304.177977221379,-70.79797195942292
2CXO J010239.8-221552,AGN,YSO,2,0.005±0.005,0.136±0.136,0.204±0.203,0.0±0.0,0.006±0.006,0.116±0.116,0.108±0.108,0.298±0.288,0.0±0.0,0.127±0.12,15.66601723800386,-22.26451944823984
2CXO J010241.2-491605,Orion_V*,HMXB,2,0.002±0.002,0.03±0.029,0.0±0.0,0.031±0.031,0.465±0.354,0.013±0.013,0.007±0.007,0.115±0.105,0.001±0.0,0.337±0.331,15.672007531061922,-49.26832437873576
2CXO J032743.3+311719,YSO,AGN,2,0.0±0.0,0.5±0.5,0.0±0.0,0.0±0.0,0.0±0.0,0.002±0.002,0.0±0.0,0.498±0.498,0.0±0.0,0.0±0.0,51.93068204660949,31.288825841002744
2CXO J010247.5-491715,LMXB,QSO,2,0.344±0.344,0.053±0.016,0.014±0.014,0.002±0.002,0.12±0.077,0.297±0.098,0.169±0.169,0.001±0.001,0.0±0.0,0.0±0.0,15.69826839796906,-49.2875565163711
2CXO J004320.7+411531,HMXB,YSO,2,0.0±0.0,0.0±0.0,0.0±0.0,0.0±0.0,0.499±0.499,0.0±0.0,0.0±0.0,0.5±0.5,0.0±0.0,0.001±0.001,10.836433471055557,41.25875675735551
2CXO J022430.5-000038,QSO,Seyfert_1,2,0.251±0.25,0.0±0.0,0.656±0.343,0.0±0.0,0.093±0.093,0.0±0.0,0.0±0.0,0.0±0.0,0.0±0.0,0.0±0.0,36.127495508316485,-0.0108043628973012
2CXO J010255.8-214001,AGN,Seyfert_1,2,0.033±0.002,0.352±0.3,0.409±0.408,0.012±0.012,0.147±0.13,0.015±0.011,0.031±0.019,0.0±0.0,0.0±0.0,0.0±0.0,15.732767784525151,-21.667042124310782
2CXO J002443.3-721825,Seyfert_1,QSO,2,0.466±0.133,0.176±0.133,0.312±0.311,0.046±0.046,0.0±0.0,0.0±0.0,0.0±0.0,0.0±0.0,0.0±0.0,0.0±0.0,6.180632504829475,-72.30708451321401
2CXO J233427.5-361104,AGN,Seyfert_1,2,0.087±0.077,0.266±0.266,0.403±0.402,0.017±0.005,0.125±0.046,0.049±0.049,0.053±0.053,0.0±0.0,0.0±0.0,0.0±0.0,353.6148314954469,-36.184619801319606
2CXO J233447.4-360504,AGN,HMXB,2,0.19±0.19,0.345±0.196,0.001±0.001,0.0±0.0,0.42±0.419,0.0±0.0,0.0±0.0,0.002±0.002,0.0±0.0,0.042±0.034,353.6977074102124,-36.08467795374821
2CXO J220439.1-565809,QSO,Seyfert_1,2,0.392±0.185,0.003±0.003,0.603±0.181,0.0±0.0,0.002±0.002,0.0±0.0,0.0±0.0,0.0±0.0,0.0±0.0,0.0±0.0,331.16300310794577,-56.969297979764455
2CXO J221541.6-172457,QSO,HMXB,2,0.383±0.379,0.115±0.092,0.015±0.015,0.0±0.0,0.416±0.416,0.001±0.001,0.0±0.0,0.0±0.0,0.066±0.066,0.004±0.004,333.92372384833084,-17.416015753488864
2CXO J010838.7+013457,AGN,Seyfert_1,2,0.192±0.12,0.335±0.233,0.441±0.373,0.002±0.001,0.02±0.02,0.001±0.001,0.004±0.004,0.0±0.0,0.004±0.004,0.0±0.0,17.161481433514723,1.5826234374883916
2CXO J002012.6+591501,YSO,HMXB,2,0.0±0.0,0.0±0.0,0.001±0.001,0.0±0.0,0.504±0.463,0.015±0.015,0.0±0.0,0.273±0.273,0.118±0.118,0.088±0.088,5.052812236061584,59.25037701500526
2CXO J035917.0-295224,QSO,TTau*,2,0.301±0.178,0.19±0.015,0.092±0.068,0.0±0.0,0.0±0.0,0.0±0.0,0.0±0.0,0.003±0.003,0.412±0.227,0.001±0.001,59.82087882384121,-29.87340539199983
2CXO J040146.6-325621,Seyfert_1,QSO,2,0.355±0.063,0.296±0.147,0.339±0.087,0.006±0.003,0.003±0.001,0.0±0.0,0.0±0.0,0.0±0.0,0.0±0.0,0.0±0.0,60.44453382840322,-32.93918291758492
2CXO J034640.3-543608,Seyfert_1,LMXB,2,0.231±0.22,0.02±0.02,0.258±0.232,0.0±0.0,0.0±0.0,0.345±0.345,0.0±0.0,0.038±0.038,0.021±0.003,0.087±0.086,56.66817897865064,-54.60237752467471
2CXO J204950.1-321701,QSO,Orion_V*,2,0.199±0.199,0.106±0.106,0.006±0.006,0.028±0.028,0.112±0.107,0.006±0.006,0.046±0.046,0.101±0.101,0.0±0.0,0.396±0.396,312.45915684403144,-32.28364534745676
2CXO J010346.8-221455,Seyfert_1,QSO,2,0.438±0.196,0.135±0.051,0.413±0.234,0.003±0.003,0.004±0.004,0.0±0.0,0.007±0.006,0.0±0.0,0.0±0.0,0.0±0.0,15.9451341812362,-22.248672675670928
2CXO J003944.9+033105,Seyfert_2,Seyfert_1,2,0.0±0.0,0.0±0.0,0.584±0.398,0.309±0.309,0.025±0.009,0.0±0.0,0.001±0.001,0.0±0.0,0.079±0.079,0.001±0.001,9.937327806497365,3.518112424515848
2CXO J033831.0+100105,LMXB,Seyfert_1,2,0.057±0.054,0.02±0.003,0.418±0.418,0.004±0.003,0.218±0.212,0.219±0.219,0.005±0.0,0.042±0.042,0.009±0.009,0.008±0.007,54.62945290176282,10.018322177686708
2CXO J003909.7+031749,HMXB,Seyfert_1,2,0.0±0.0,0.002±0.002,0.317±0.306,0.004±0.003,0.247±0.245,0.082±0.082,0.161±0.161,0.186±0.186,0.0±0.0,0.002±0.002,9.790695990448455,3.2969667829680365
2CXO J003902.7+032013,HMXB,Orion_V*,2,0.004±0.004,0.104±0.104,0.01±0.01,0.016±0.016,0.361±0.36,0.006±0.006,0.0±0.0,0.035±0.035,0.0±0.0,0.465±0.465,9.761264273454003,3.3370784357336176
2CXO J033901.2+095315,LMXB,Orion_V*,2,0.0±0.0,0.0±0.0,0.0±0.0,0.0±0.0,0.0±0.0,0.426±0.426,0.0±0.0,0.073±0.073,0.047±0.047,0.454±0.451,54.75506725381115,9.887696852924655
2CXO J221450.0+135519,HMXB,Orion_V*,2,0.041±0.041,0.05±0.05,0.01±0.01,0.061±0.061,0.189±0.157,0.055±0.055,0.11±0.11,0.204±0.204,0.0±0.0,0.28±0.28,333.7084399060443,13.922047927468462
2CXO J195919.7+403937,XB,Orion_V*,2,0.006±0.006,0.031±0.031,0.048±0.048,0.029±0.029,0.113±0.07,0.107±0.107,0.188±0.188,0.175±0.175,0.067±0.067,0.236±0.236,299.832396208064,40.66049711759931
2CXO J022227.6+422108,Seyfert_1,HMXB,2,0.095±0.095,0.001±0.001,0.405±0.405,0.0±0.0,0.499±0.499,0.0±0.0,0.0±0.0,0.0±0.0,0.0±0.0,0.0±0.0,35.615192664192705,42.35228899770528
2CXO J022225.3+422450,Seyfert_1,Seyfert_2,2,0.164±0.163,0.034±0.034,0.192±0.179,0.603±0.384,0.008±0.007,0.0±0.0,0.0±0.0,0.0±0.0,0.0±0.0,0.0±0.0,35.605452188697484,42.41414332483664
2CXO J025447.3+414043,HMXB,AGN,2,0.046±0.019,0.517±0.313,0.017±0.015,0.003±0.003,0.269±0.216,0.098±0.081,0.044±0.022,0.0±0.0,0.002±0.002,0.003±0.003,43.6971530379451,41.67872361516428
2CXO J025546.5-560507,QSO,AGN,2,0.33±0.276,0.382±0.078,0.021±0.006,0.0±0.0,0.133±0.106,0.134±0.098,0.0±0.0,0.0±0.0,0.0±0.0,0.0±0.0,43.94379121025605,-56.08546916504943
2CXO J025827.7-523507,QSO,AGN,2,0.405±0.397,0.585±0.394,0.008±0.003,0.0±0.0,0.001±0.001,0.0±0.0,0.001±0.001,0.0±0.0,0.0±0.0,0.0±0.0,44.61559534761443,-52.58545998759988
2CXO J010102.8-215951,HMXB,QSO,2,0.247±0.247,0.15±0.102,0.116±0.114,0.008±0.006,0.227±0.225,0.022±0.019,0.225±0.217,0.001±0.001,0.003±0.002,0.001±0.001,15.261702141004092,-21.99761496456415
2CXO J203307.3+412518,YSO,HMXB,2,0.0±0.0,0.0±0.0,0.0±0.0,0.0±0.0,0.5±0.5,0.0±0.0,0.0±0.0,0.5±0.5,0.0±0.0,0.0±0.0,308.28045778272144,41.42169210379816
2CXO J031006.7-202016,Seyfert_1,QSO,2,0.342±0.342,0.158±0.158,0.276±0.275,0.225±0.224,0.0±0.0,0.0±0.0,0.0±0.0,0.0±0.0,0.0±0.0,0.0±0.0,47.52802945066833,-20.337782988312995
2CXO J005331.6-722240,Seyfert_2,LMXB,2,0.005±0.005,0.083±0.01,0.03±0.03,0.243±0.177,0.197±0.064,0.358±0.149,0.082±0.049,0.002±0.002,0.0±0.0,0.001±0.001,13.382054763408972,-72.37799105811594
2CXO J005554.8+262425,QSO,Seyfert_1,2,0.391±0.365,0.11±0.105,0.485±0.483,0.0±0.0,0.012±0.012,0.0±0.0,0.002±0.002,0.0±0.0,0.0±0.0,0.0±0.0,13.978537514245431,26.407000192690568
2CXO J223912.5-054323,QSO,AGN,2,0.372±0.183,0.483±0.248,0.122±0.061,0.0±0.0,0.002±0.001,0.009±0.006,0.007±0.006,0.0±0.0,0.006±0.006,0.0±0.0,339.80249503161644,-5.723096307007856
2CXO J203322.2+601353,YSO,TTau*,2,0.0±0.0,0.0±0.0,0.0±0.0,0.0±0.0,0.002±0.002,0.0±0.0,0.0±0.0,0.365±0.175,0.444±0.34,0.189±0.166,308.34277404877344,60.23161663756099
2CXO J005758.4-722228,Seyfert_2,HMXB,2,0.0±0.0,0.171±0.171,0.023±0.023,0.271±0.271,0.535±0.465,0.0±0.0,0.0±0.0,0.0±0.0,0.0±0.0,0.0±0.0,14.49370889532446,-72.3746470917098
2CXO J024131.0+593630,Seyfert_2,HMXB,2,0.0±0.0,0.078±0.061,0.007±0.007,0.308±0.299,0.359±0.251,0.047±0.025,0.11±0.11,0.0±0.0,0.092±0.092,0.0±0.0,40.379400988062685,59.60846124455682
2CXO J223904.3-053921,Seyfert_1,QSO,2,0.546±0.174,0.217±0.04,0.21±0.191,0.016±0.016,0.002±0.002,0.001±0.001,0.007±0.004,0.0±0.0,0.0±0.0,0.001±0.001,339.76826070388586,-5.656042347134505
2CXO J224159.1+530357,AGN,HMXB,2,0.009±0.009,0.234±0.23,0.0±0.0,0.0±0.0,0.557±0.31,0.126±0.126,0.001±0.001,0.017±0.001,0.0±0.0,0.055±0.055,340.496269344604,53.06596480461652
2CXO J024034.8+390645,AGN,Seyfert_1,2,0.26±0.179,0.245±0.233,0.462±0.418,0.011±0.011,0.022±0.016,0.0±0.0,0.0±0.0,0.0±0.0,0.0±0.0,0.0±0.0,40.14526312053886,39.11254695571757
2CXO J005531.1+262452,QSO,Seyfert_2,2,0.226±0.226,0.205±0.17,0.054±0.053,0.345±0.345,0.045±0.045,0.002±0.002,0.09±0.09,0.0±0.0,0.032±0.032,0.0±0.0,13.879611284197551,26.41471511148088
2CXO J023950.2+390709,LMXB,AGN,2,0.097±0.089,0.286±0.17,0.041±0.039,0.011±0.01,0.161±0.006,0.267±0.184,0.092±0.075,0.0±0.0,0.043±0.043,0.001±0.001,39.95917510048656,39.11943462333615
2CXO J025340.1+413019,YSO,Seyfert_1,2,0.14±0.023,0.01±0.01,0.425±0.425,0.0±0.0,0.001±0.001,0.001±0.001,0.005±0.005,0.412±0.412,0.0±0.0,0.006±0.006,43.41722527781292,41.50537399174239
2CXO J223621.7-255743,AGN,TTau*,2,0.0±0.0,0.247±0.234,0.043±0.043,0.0±0.0,0.216±0.216,0.026±0.026,0.0±0.0,0.014±0.014,0.443±0.443,0.011±0.011,339.0907774800289,-25.962097397516214
2CXO J010047.3-212430,QSO,Seyfert_1,2,0.347±0.093,0.119±0.063,0.439±0.068,0.003±0.002,0.0±0.0,0.0±0.0,0.0±0.0,0.043±0.043,0.026±0.026,0.021±0.021,15.197279814393768,-21.40849844413828
2CXO J203341.8-472134,HMXB,AGN,2,0.206±0.137,0.252±0.071,0.103±0.092,0.017±0.014,0.203±0.144,0.059±0.044,0.16±0.098,0.0±0.0,0.0±0.0,0.0±0.0,308.4244218855081,-47.35961301002762
2CXO J010220.6-490807,QSO,Seyfert_1,2,0.419±0.02,0.023±0.012,0.444±0.133,0.004±0.0,0.107±0.102,0.001±0.001,0.0±0.0,0.0±0.0,0.0±0.0,0.001±0.001,15.586201456497918,-49.135525816457424
2CXO J010221.9-492135,AGN,XB,2,0.027±0.02,0.194±0.121,0.013±0.013,0.105±0.105,0.157±0.051,0.15±0.028,0.225±0.19,0.032±0.032,0.014±0.014,0.081±0.081,15.591455728349729,-49.3598105444681
2CXO J203427.7+413115,Orion_V*,YSO,2,0.0±0.0,0.0±0.0,0.0±0.0,0.0±0.0,0.0±0.0,0.0±0.0,0.0±0.0,0.507±0.493,0.0±0.0,0.493±0.492,308.6158162166444,41.52102224960981
2CXO J203428.2+413123,Orion_V*,YSO,2,0.0±0.0,0.0±0.0,0.0±0.0,0.0±0.0,0.0±0.0,0.0±0.0,0.0±0.0,0.507±0.493,0.0±0.0,0.493±0.492,308.61769831681227,41.523223427075386
2CXO J004929.9+321557,AGN,QSO,2,0.41±0.263,0.258±0.201,0.196±0.194,0.0±0.0,0.004±0.0,0.0±0.0,0.001±0.001,0.129±0.129,0.0±0.0,0.001±0.001,12.374746499018327,32.2660352276422
2CXO J203430.2+413127,Orion_V*,YSO,2,0.0±0.0,0.0±0.0,0.0±0.0,0.0±0.0,0.0±0.0,0.0±0.0,0.0±0.0,0.507±0.493,0.0±0.0,0.493±0.492,308.6260299145574,41.5244064856764
2CXO J203351.8+601051,Orion_V*,HMXB,2,0.0±0.0,0.013±0.009,0.0±0.0,0.0±0.0,0.506±0.436,0.008±0.007,0.001±0.001,0.113±0.103,0.002±0.002,0.357±0.353,308.4659026399099,60.18103948394282
2CXO J004733.3-251722,LMXB,HMXB,2,0.0±0.0,0.0±0.0,0.0±0.0,0.083±0.083,0.699±0.298,0.204±0.201,0.0±0.0,0.0±0.0,0.01±0.01,0.003±0.003,11.889091878141926,-25.28945716461201
2CXO J203213.5+412711,AGN,Orion_V*,2,0.002±0.002,0.406±0.406,0.013±0.013,0.0±0.0,0.078±0.078,0.0±0.0,0.0±0.0,0.0±0.0,0.0±0.0,0.5±0.5,308.0563272097967,41.45330862889372
2CXO J225457.1+623416,YSO,Orion_V*,2,0.0±0.0,0.003±0.003,0.0±0.0,0.002±0.002,0.064±0.064,0.002±0.002,0.001±0.001,0.199±0.194,0.079±0.079,0.648±0.347,343.73827011810613,62.57116034691524
2CXO J031043.6-203918,QSO,HMXB,2,0.332±0.302,0.177±0.165,0.008±0.002,0.0±0.0,0.395±0.382,0.071±0.071,0.017±0.017,0.0±0.0,0.0±0.0,0.0±0.0,47.68185948489497,-20.65520456635108
2CXO J023530.4-523043,AGN,HMXB,2,0.112±0.078,0.239±0.238,0.044±0.044,0.0±0.0,0.474±0.403,0.052±0.0,0.078±0.042,0.0±0.0,0.0±0.0,0.0±0.0,38.876722761927454,-52.512076282076
2CXO J031215.4+011638,Seyfert_1,QSO,2,0.657±0.295,0.033±0.005,0.26±0.24,0.041±0.041,0.009±0.009,0.0±0.0,0.0±0.0,0.0±0.0,0.0±0.0,0.0±0.0,48.06425218033496,1.2773329408733534
2CXO J203301.9+411059,XB,HMXB,2,0.004±0.004,0.215±0.215,0.002±0.002,0.0±0.0,0.398±0.137,0.102±0.078,0.279±0.279,0.0±0.0,0.0±0.0,0.0±0.0,308.2581129350717,41.18309757040623
2CXO J203301.7+411104,XB,HMXB,2,0.004±0.004,0.215±0.215,0.002±0.002,0.0±0.0,0.398±0.137,0.102±0.078,0.279±0.279,0.0±0.0,0.0±0.0,0.0±0.0,308.2574740397199,41.18446272862228
2CXO J203301.3+411055,XB,HMXB,2,0.004±0.004,0.215±0.215,0.002±0.002,0.0±0.0,0.398±0.137,0.102±0.078,0.279±0.279,0.0±0.0,0.0±0.0,0.0±0.0,308.2554903099174,41.18217361598546
2CXO J203300.8+411115,XB,HMXB,2,0.004±0.004,0.215±0.215,0.002±0.002,0.0±0.0,0.398±0.137,0.102±0.078,0.279±0.279,0.0±0.0,0.0±0.0,0.0±0.0,308.25362201131907,41.18770392132279
2CXO J203300.0+411107,XB,HMXB,2,0.004±0.004,0.215±0.215,0.002±0.002,0.0±0.0,0.398±0.137,0.102±0.078,0.279±0.279,0.0±0.0,0.0±0.0,0.0±0.0,308.25004531268087,41.18542360391797
2CXO J031638.0-405441,Seyfert_1,QSO,2,0.493±0.159,0.065±0.062,0.399±0.064,0.042±0.033,0.0±0.0,0.0±0.0,0.0±0.0,0.0±0.0,0.0±0.0,0.0±0.0,49.15873211492112,-40.91150484063724
2CXO J031650.4-410455,Seyfert_1,AGN,2,0.296±0.043,0.317±0.297,0.184±0.178,0.14±0.136,0.004±0.001,0.008±0.008,0.013±0.013,0.012±0.012,0.002±0.002,0.025±0.025,49.21037717777995,-41.08204498540143
2CXO J203421.0+411712,Orion_V*,HMXB,2,0.0±0.0,0.0±0.0,0.0±0.0,0.0±0.0,0.5±0.5,0.0±0.0,0.0±0.0,0.129±0.129,0.0±0.0,0.371±0.371,308.5875279605684,41.28679956385572
2CXO J031701.3+411621,AGN,QSO,2,0.521±0.479,0.471±0.471,0.008±0.007,0.0±0.0,0.0±0.0,0.0±0.0,0.0±0.0,0.0±0.0,0.0±0.0,0.0±0.0,49.25553505687549,41.27266533356353
2CXO J031701.4+411709,TTau*,HMXB,2,0.013±0.013,0.0±0.0,0.0±0.0,0.0±0.0,0.498±0.498,0.0±0.0,0.0±0.0,0.077±0.077,0.221±0.217,0.191±0.191,49.256169178933874,41.28583797468293
2CXO J203421.8+411717,Orion_V*,HMXB,2,0.0±0.0,0.0±0.0,0.0±0.0,0.0±0.0,0.5±0.5,0.0±0.0,0.0±0.0,0.129±0.129,0.0±0.0,0.371±0.371,308.59123634805144,41.28818663362215
2CXO J203422.0+411714,Orion_V*,HMXB,2,0.0±0.0,0.0±0.0,0.0±0.0,0.0±0.0,0.5±0.5,0.0±0.0,0.0±0.0,0.129±0.129,0.0±0.0,0.371±0.371,308.59173401000135,41.28738840700235
2CXO J203422.0+411722,Orion_V*,HMXB,2,0.0±0.0,0.0±0.0,0.0±0.0,0.0±0.0,0.5±0.5,0.0±0.0,0.0±0.0,0.129±0.129,0.0±0.0,0.371±0.371,308.5918768934521,41.28963236963156
2CXO J041733.4-120101,QSO,AGN,2,0.382±0.362,0.581±0.398,0.022±0.022,0.001±0.001,0.01±0.01,0.001±0.001,0.002±0.002,0.0±0.0,0.0±0.0,0.0±0.0,64.38943344913497,-12.017190189221887
2CXO J193213.9+105932,HMXB,YSO,2,0.033±0.033,0.0±0.0,0.0±0.0,0.0±0.0,0.341±0.341,0.0±0.0,0.0±0.0,0.342±0.118,0.0±0.0,0.284±0.257,293.05832309908294,10.992422995195785
2CXO J215717.5-693002,YSO,LMXB,2,0.009±0.009,0.004±0.004,0.003±0.003,0.001±0.001,0.093±0.093,0.384±0.384,0.0±0.0,0.292±0.285,0.036±0.036,0.177±0.162,329.3229463994435,-69.50072912042982
2CXO J210639.2-584428,Seyfert_1,QSO,2,0.415±0.046,0.208±0.022,0.371±0.022,0.001±0.001,0.005±0.004,0.0±0.0,0.0±0.0,0.0±0.0,0.0±0.0,0.0±0.0,316.66355605134345,-58.74120439328684
2CXO J215504.3+380808,LMXB,Orion_V*,2,0.004±0.004,0.0±0.0,0.015±0.015,0.0±0.0,0.02±0.019,0.18±0.179,0.098±0.098,0.196±0.124,0.192±0.181,0.296±0.01,328.7679872104957,38.13570839513185
2CXO J013243.4+303505,AGN,HMXB,2,0.001±0.0,0.242±0.229,0.0±0.0,0.026±0.019,0.551±0.132,0.068±0.021,0.006±0.006,0.067±0.067,0.013±0.013,0.025±0.025,23.18091321438305,30.584994731153444
2CXO J000027.4-500421,AGN,Seyfert_1,2,0.02±0.02,0.404±0.4,0.435±0.373,0.0±0.0,0.06±0.059,0.017±0.006,0.002±0.002,0.001±0.001,0.059±0.059,0.002±0.002,0.1143034167072301,-50.07266878068802
2CXO J191527.5-241826,HMXB,TTau*,2,0.0±0.0,0.0±0.0,0.0±0.0,0.0±0.0,0.273±0.273,0.205±0.205,0.0±0.0,0.002±0.002,0.519±0.481,0.001±0.001,288.86464401263424,-24.307342700688928
2CXO J013612.6+154958,Seyfert_1,HMXB,2,0.0±0.0,0.0±0.0,0.235±0.235,0.0±0.0,0.571±0.234,0.038±0.038,0.0±0.0,0.029±0.029,0.057±0.057,0.07±0.048,24.052569210752324,15.832899518646832
2CXO J192350.1+143302,YSO,LMXB,2,0.0±0.0,0.129±0.129,0.0±0.0,0.0±0.0,0.0±0.0,0.482±0.218,0.0±0.0,0.389±0.347,0.001±0.001,0.0±0.0,290.9589932635098,14.550755191870568
2CXO J191540.5-241220,Seyfert_1,HMXB,2,0.0±0.0,0.074±0.074,0.367±0.367,0.057±0.057,0.501±0.498,0.001±0.001,0.0±0.0,0.0±0.0,0.0±0.0,0.0±0.0,288.91906407719057,-24.20579844240117
2CXO J041921.5+021000,AGN,Seyfert_1,2,0.152±0.016,0.278±0.194,0.488±0.172,0.057±0.056,0.004±0.001,0.003±0.003,0.015±0.011,0.0±0.0,0.002±0.002,0.0±0.0,64.83966468339332,2.1668043701738013
2CXO J000136.1+130639,Orion_V*,HMXB,2,0.0±0.0,0.0±0.0,0.0±0.0,0.0±0.0,0.491±0.491,0.002±0.002,0.0±0.0,0.155±0.139,0.133±0.131,0.219±0.219,0.4004398019434347,13.110959521781387
2CXO J013639.1+154309,QSO,XB,2,0.253±0.234,0.088±0.028,0.142±0.116,0.04±0.015,0.103±0.028,0.11±0.11,0.263±0.254,0.0±0.0,0.0±0.0,0.0±0.0,24.16313998856367,15.71942921682242
2CXO J041508.8-241604,QSO,AGN,2,0.32±0.208,0.428±0.161,0.161±0.039,0.0±0.0,0.084±0.08,0.005±0.005,0.002±0.002,0.0±0.0,0.0±0.0,0.0±0.0,63.78703217502192,-24.267938391590743
2CXO J013451.8+302909,LMXB,HMXB,2,0.001±0.001,0.022±0.022,0.008±0.008,0.0±0.0,0.514±0.421,0.454±0.453,0.0±0.0,0.0±0.0,0.0±0.0,0.0±0.0,23.716183733413686,30.485971535786977
2CXO J013449.0+303328,LMXB,HMXB,2,0.011±0.006,0.069±0.016,0.155±0.051,0.034±0.011,0.25±0.134,0.212±0.128,0.112±0.105,0.01±0.005,0.146±0.146,0.001±0.001,23.704313048999097,30.55800028978082
2CXO J192534.9+500725,TTau*,QSO,2,0.407±0.406,0.088±0.075,0.086±0.086,0.001±0.0,0.063±0.063,0.031±0.031,0.008±0.008,0.0±0.0,0.302±0.302,0.013±0.013,291.3955867822193,50.12381731368427
2CXO J213619.9-543146,XB,HMXB,2,0.113±0.063,0.086±0.084,0.012±0.012,0.07±0.07,0.573±0.373,0.006±0.006,0.139±0.139,0.001±0.001,0.0±0.0,0.0±0.0,324.08301725617457,-54.52966380476745
2CXO J020938.5-100847,TTau*,AGN,2,0.197±0.097,0.439±0.233,0.001±0.0,0.0±0.0,0.06±0.029,0.017±0.016,0.029±0.028,0.041±0.041,0.187±0.187,0.029±0.029,32.41049232732439,-10.14661001195776
2CXO J013358.8+305004,LMXB,HMXB,2,0.001±0.001,0.041±0.022,0.062±0.062,0.072±0.072,0.492±0.205,0.224±0.169,0.056±0.056,0.051±0.051,0.0±0.0,0.0±0.0,23.495191330160537,30.83452910833985
